USA;NY;Albany
USA;NM;Albuquerque
USA;AK;Anchorage
USA;MD;Annapolis
USA;GA;Atlanta
USA;ME;Augusta
USA;TX;Austin
USA;MD;Baltimore
USA;LA;Baton Rouge
USA;MT;Billings
USA;ND;Bismarck
USA;ID;Boise
USA;MA;Boston
USA;CT;Bridgeport
USA;VT;Burlington
USA;NV;Carson City
USA;WV;Charleston
USA;SC;Charleston
USA;NC;Charlotte
USA;WY;Cheyenne
USA;IL;Chicago
USA;SC;Columbia
USA;OH;Columbus
USA;NH;Concord
USA;CO;Denver
USA;IA;Des Moines
USA;MI;Detroit
USA;DE;Dover
USA;ND;Fargo
USA;KY;Frankfort
USA;PA;Harrisburg
USA;CT;Hartford
USA;MT;Helena
USA;HI;Honolulu
USA;TX;Houston
USA;AL;Huntsville
USA;IN;Indianapolis
USA;MS;Jackson
USA;FL;Jacksonville
USA;MO;Jefferson City
USA;AK;Juneau
USA;MO;Kansas City
USA;MI;Lansing
USA;NV;Las Vegas
USA;NE;Lincoln
USA;AR;Little Rock
USA;CA;Los Angeles
USA;KY;Louisville
USA;WI;Madison
USA;NH;Manchester
USA;WI;Milwaukee
USA;MN;Minneapolis
USA;AL;Montgomery
USA;VT;Montpelier
USA;TN;Nashville
USA;LA;New Orleans
USA;NY;New York City
USA;NJ;Newark
USA;OK;Oklahoma City
USA;WA;Olympia
USA;NE;Omaha
USA;PA;Philadelphia
USA;AZ;Phoenix
USA;SD;Pierre
USA;ME;Portland
USA;OR;Portland
USA;RI;Providence
USA;NC;Raleigh
USA;VA;Richmond
USA;CA;Sacramento
USA;MN;Saint Paul
USA;OR;Salem
USA;UT;Salt Lake City
USA;NM;Santa Fe
USA;WA;Seattle
USA;SD;Sioux Falls
USA;IL;Springfield
USA;FL;Tallahassee
USA;KS;Topeka
USA;NJ;Trenton
USA;VA;Virginia Beach
USA;KS;Wichita
USA;DE;Wilmington
