M;Аблен
F;Авгия
M;Август
M;Августиан
M;Августин
M;Авел
M;Аверно
F;Авигея
M;Авксентий
M;Аво
M;Аврам
M;Аврели
M;Аврелий
M;Аврор
F;Авторка
M;Агапи
M;Агапий
M;Агатопод
M;Агент
M;Аглай
F;Аглая
F;Аглоида
M;Агнен
M;Агнеш
F;Агнешка
M;Агоп
M;Агъци
M;Адалберт
M;Адам
F;Адамина
M;Адеан
M;Аделин
M;Адем
F;Адра
M;Адриан
F;Адрианиа
M;Адриян
F;Аела
M;Аерозол
M;Азалия
M;Айдемир
F;Айрен
M;Акашия
M;Аксакусти
F;Аксентия
M;Аксидан
M;Аксинтия
F;Алания
M;Алберт
F;Албина
M;Албияна
M;Алдин
M;Алевандър
M;Алег
M;Алек
M;Алекзандриян
F;Александрина
F;Алексиа
F;Аленка
F;Алиана
F;Алисия
F;Алтая
F;Амбър
F;Амория
F;АнаМария
F;Анатолия
F;Ангелка
F;Андика
F;Андриана
F;Анелина
F;Анза
F;Анимира
F;Аница
F;Аномалия
F;Антоалина
F;Антонела
F;Ануша
F;Анхея-мей
F;Аполинария
F;Аралия
F;Аркадия
F;Арсена
F;Аселина
F;Асифа
F;Астромерия
F;Атина
F;Аурора
F;Багра
F;Балина
F;Бацислава
F;Беатрис
F;Бела
F;Белисима
F;Беломира
F;Бенелена
M;Беримир
M;Берин
F;Берислава
M;Берия
M;Беро
M;Берослав
M;Бетина
M;Бетино
M;Бечо
F;Бея
F;Билена
M;Билян
M;Бинко
M;Биньо
M;Бисенти
M;Бисер
F;Бисера
F;Биянка
M;Благо
M;Благовест
F;Благодатка
M;Благой
M;Благомир
M;Благосвет
F;Благосвета
M;Блаже
M;Бог
F;Богдалина
M;Богиня
M;Богой
M;Боголюб
M;Богомил
F;Богородка
M;Богослав
M;Бодромир
F;Бодурка
M;Божан
M;Божидар
F;Божидара-силвестра
M;Божик
M;Божимир
M;Божин
M;Божинел
F;Божинела
M;Божко
M;Божо
M;Божур
F;Божурка
M;Боил
M;Боила
M;Бойко
M;Бойчо
M;Болен
M;Болеслав
M;Боне
M;Бонислав
F;Бонифация
M;Бонко
M;Боно
F;Борена
F;Бориска
F;Борянка
F;Боца
F;Бригита
F;Бронислава
F;Буна
F;Буча
F;Бързана
F;Ваклина
F;Валерия
F;Валя
F;Вангелия
F;Ванухи
F;Варта
F;Васенка
F;Василина
F;Васка
F;Вашиля
F;Вежда
F;Велиана
F;Велинна
F;Венда
F;Венеция
F;Венислава
F;Венчислава
F;Верена
F;Верислава
F;Веса
M;Веселин
F;Веселинка
M;Весислав
F;Весна
M;Весо
M;Веспасиян
M;Ветко
F;Веца
M;Вечко
M;Вигалот
M;Виго
M;Виделин
M;Виден
F;Видима
M;Видин
M;Видослав
M;Видю
M;Викенти
M;Виктор
F;Виктория
M;Вилиан
M;Вилизар
M;Вилизара
M;Вилислав
F;Вилия
M;Вилиян
F;Вилхема
M;Винету
M;Винко
M;Вино
M;Винсънт
M;Винченцо
M;Виолет
F;Виолета
M;Виолин
F;Виржиния
M;Висарион
M;Виталий
M;Витко
M;Витлян
M;Витомир
F;Витомира
M;Витош
M;Вихрен
M;Вихрони
M;Вихър
M;Вичо
M;Виша
M;Вишетин
F;Вишка
M;Вишню
M;Влад
M;Владилен
F;Владилена
M;Владимер
M;Владимир
F;Владлена
F;Водица
F;Войнка
F;Вула
F;Възкресения
F;Въльо
F;Върбунка
F;Въца
F;Габи
F;Галена
M;Галентин
M;Галиен
M;Галимир
F;Галина
M;Галиян
F;Галя
M;Гани
M;Ганислав
F;Гануца
M;Ганцомир
M;Ганчо
M;Ганьо
M;Гаро
M;Гатьо
M;Гвардиана
F;Гвоздейка
M;Гелемир
F;Гена
M;Генади
M;ГенадиВалериев
M;Генадий
M;Генислав
M;Генко
M;Гено
M;Генчо
M;Гео
M;Геодим
M;Геомил
F;Георгелена
M;Георги
F;Георгица
M;Герасим
F;Герга
M;Герган
M;Гергей
M;Гергелюб
M;Гергин
M;Гердан
F;Гердана
M;Герман
M;Геро
M;Герой
F;Гертруда
M;Герчо
M;Гетислав
M;Гетко
M;Гето
M;Гецо
M;Гечо
M;Гешо
M;Гивеза
M;Гиздален
F;Гиздана
M;Гико
M;Гилдрой
F;Гичка
F;Гордана
F;Гория
F;Гоца
F;Графица
F;Грета
F;Гримяна
F;Гроздинка
F;Гуна
F;Гъда
F;Гълъбица
F;Гюгра
F;Гюргя
F;Дакота
F;Дамяна
F;Данелина
F;Данимира
F;Данка
F;Дарданела
F;Дария
F;Дафинка
F;Деа
F;Деви
F;Делиана
M;Делчо
F;Деля
M;Делян
M;Деляна
M;Демир
F;Демирела
M;Демян
F;Дениандра
M;Дениз
M;Деника
M;Денимир
M;Денис
M;Денислав
F;Дениславена
M;Дениян
F;Денница
M;Денчо
M;Дердидас
F;Десимиляна
M;Десимир
M;Десислав
F;Десияна
M;Деслав
M;Деспин
M;Деспинка
M;Деспот
M;Детелин
F;Дефлорина
M;Дечко
M;Дечо
M;Дечю
M;Дешо
F;Дея
M;Деян
F;Джана
M;Джанер
M;Джанко
F;Джиневра
M;Джихад
M;Джон-стефан
F;Джулия
M;Диаманди
M;Диамантина
M;Диан
F;Диана-Мария
M;Диван(надядоДианидядоИван)
M;Дивизие
M;Дивизия
M;Дивил
F;Дида
M;Дидко
M;Диего
M;Дико
F;Дилмана
M;Дилян
F;Димитра
F;Димка
F;Динна
F;Добрина
F;Дойка
F;Доменика
F;Доника
F;Дора-Анна
F;Дорина
F;Доста
F;Доча
F;Драгица
F;Дренка
F;Дуда
F;Душка
F;Дюкяна
F;Евангелина
F;Евдокия
F;Евридика
M;Евстати
M;Евстатий
M;Евстахий
M;Евтим
M;Егор
M;Едвин
M;Едит
F;Едита
M;Едрю
M;Едуард
M;Еким
M;Ектар
M;Ектор
F;Ел
M;Елвис
F;Елдора
M;Елеан
M;Електрон
M;Елемаг
F;Еленица
M;Еленко
F;Елеонета
F;Ели
M;Елиан
M;Елиас
M;Елиезер
F;Елиз
M;Елизабет
M;Елин
F;Елина
F;Елиса
M;Елисей
M;Елисия
F;Елица
M;Елко
F;Елма
F;Елфида
M;Ема-Бела
M;Еманоил
M;Емануел
M;Емануил
F;Емануила
M;Емил
M;Емилиан
M;Емилиян
F;Емма
M;Ендо
F;Еница
M;Енчо
M;Еньо
M;Еню
M;Ервин
F;Ергана
M;Ередин
M;Еремия
M;Ерик
M;Ерина
F;Ермиля
M;Ерол
M;Ерсен
M;Есен
F;Естела
M;Етиен
F;Ефимена
M;Ефка
F;Ефросиния
F;Жаклин
F;Жанин
F;Жара
F;Жейна
F;Желязка
F;Женимира
F;Жива
F;Живомира
F;Жичка
F;Жорка
F;Жулиана
M;Заварин
M;Завен
F;Заека
M;Замфир
M;Занго
F;Занка
M;Занко
M;Запрян
M;Зарко
F;Зафа
M;Зафер
M;Зафир
M;Захар
M;Захари
M;Захарин
F;Захаринка
M;Захо
M;Звездан
F;Звездемира
M;Звездин
M;Звездислав
M;Звездиян
M;Звездолет
M;Звездомир
M;Згура
M;Здравелин
F;Здравелина
M;Здравец
M;Здравко
M;Здравчо
F;Здухостина
M;Зенгин
M;Зика
F;Зинаида
M;Зинко
M;Зинови
M;Златан
F;Златея
M;Злати
M;Златил
M;Златимир
M;Златиян
F;Златка
M;Златко
M;Златогор
M;Златозар
M;Златомир
F;Златомира
M;Златослав
M;Златоцвет
M;Златьо
F;Зоичка
M;Золтан
F;Зорка
F;Зузичка
F;Ивалена
F;Иванеса
F;Иваничка
F;Ивелиана
F;Ивинка
F;Иглика
F;Изидора
F;Илеана
F;Илианна
F;Илинда
M;Илиомар
M;Илич
M;Илия
M;Илиян
F;Илка
M;Илко
M;Илчо
M;Имилиан
F;Инан
M;Ингемунд
F;Инеса
M;Инко
M;Инчо
M;Иполит
F;Ира
M;Ириан
F;Ирин
M;Ириней
M;Ириян
M;Ирко
F;Ирла
M;Ирма
M;Ирник
M;Исак
M;Исидор
F;Исихия
M;Искрен
M;Искър
M;Исперих
M;Истан
M;Истатко
F;Истилияна
M;Истилян
M;Исус
M;Итко
M;Ихтиандър
M;Ицо
M;Ичо
M;Йено
M;Йеремия
M;Йоан
M;Йоан-Александър
M;Йоан-иво
F;Йоана
F;Йоанна
M;Йован
F;Йованка
M;Йовица
M;Йовко
M;Йово
M;Йовро
M;Йовцо
M;Йовчо
M;Йожи
M;Йоил
F;Йоко
F;Йолина
M;Йолиян
M;Йолко
F;Йона
F;Йоника
F;Йорданка
F;Йоханна
F;Кадифейка
F;Калея
F;Калина
F;Калиса
F;Калуда
F;Камея
F;Кануша
F;Карамелита
M;Карен
M;Карим
M;Карин
F;Карина
M;Карло
M;Кармен
M;Каролин
M;Карчо
F;Касиди
M;Катакомб
M;Каталинка
F;Катастрофа
M;Катерин
F;Катинка
F;Каунка
F;Кветослава
M;Кевин
M;Кеворк
F;Керанка
M;Кери
F;Кети
M;Кибер
M;Кимба
M;Кимбо
M;Кимон
M;Кимчо
M;Кин
M;Кинка
F;Кино
M;Кинта
M;Киприслав
M;Киприян
M;Кириен
M;Кирил
F;Кирка
M;Кирчо
M;Киряк
M;Киряки
M;Киряко
M;Кис
M;Кит
M;Кито
M;Китодар
M;Китомир
F;Китчица
F;Клара
F;Клеуна
M;Клим
M;Климент
F;Клоя
M;Кнут
M;Козма
M;Койно
M;Койо
M;Койчо
F;Кокимира
M;Коко
M;Коле
M;Колчо
M;Кольо
M;Колю
F;Комара
M;Комнин
F;Константина
F;Корнелия
F;Костадинка
F;Кралина
F;Красидара
F;Красияна
F;Криси
F;Кристиана
F;Кристия
F;Кръстанка
F;Ксандриния
F;Кунка
F;Кьнина
M;ЛЕА-МАРИЯ
F;Лада
F;Лазура
F;Лалка
M;Лалко
M;Лало
M;Лальо
M;Ламби
M;Ламбо
M;Ламбю
M;Ланселот
F;Лариса
M;Ласкал
M;Ласкар
M;Ластър
M;Латин
M;Латко
M;Латьо
M;Латю
F;Лаца
M;Леандър
M;Лев
M;Левент
M;Левчо
F;Лека
M;Леко
M;Ленин
M;Ленко
F;Ленче
M;Леон
M;Леонид
M;Лесе
F;Летисия
M;Лефтер
M;Лечо
F;Либерта
F;Лидийка
F;Лика
F;Лилия
M;Лилко
M;Лило
M;Лилчо
M;Лилян
F;Лилянка
M;Лимон
F;Линда
M;Липе
M;Лихия
M;Личо
F;Лия
M;Ловчо
M;Лозан
M;Лозана
F;Лозанка
M;Лозен
M;Лора-софия
M;Лоранс
F;Лорена
F;Лоти
M;Лука
M;Лукан
M;Луко
M;Лули
M;Лулчо
F;Луна
M;Лусио
M;Лусия
F;Лъчезарка
F;Любина
F;Люблина
F;Любослава
F;Люляна
F;Люсила
F;Лянка
F;Магдалена
F;Мадлен
F;Майя
F;Максимилияна
F;Малена
F;Малтина
M;Маноел
M;Манол
F;Манолина
M;Маноло
M;Мантас
M;Мануил
M;Мануш
M;МанчестърЮнайтед
M;Манчо
M;Маньо
M;Маню
F;Мара-антоанета
M;Марангони
M;Маргарит
F;Маргит
M;Марек
F;Марен
F;Мари-анри
M;Мариан
M;Марий
F;Марийка
M;Марин
M;Маринел
F;Маринета
M;Маринчо
M;Марио
M;Мариоллита
F;Мариотка
M;Маритна
F;Мария
F;Мария-Хуана
F;Мария-елена
M;Мариян
M;Марк
M;Марк-антоний
M;Марко
M;Маркус
F;Марлена
M;Мартен
M;Мартин
M;Мартиниян
F;Маруся
M;Маруш
M;Марчело
F;Маса
M;Маслина
M;Матей
F;Матка
M;Матьо
M;Матю
M;Махно
F;Маша
M;Медиан
F;Медиха
F;Мелания
F;Мелъди
M;Мено
M;Мерилин
F;Меропа
M;Месак
M;Метакса
F;Миглена
F;Мила
F;Милара
F;Милиана
F;Милост
F;Мимоза
F;Минка
F;Миранза
F;Мирена
F;Миропа
F;Мисла
F;Митошка
F;Михайлена
F;Мишка
F;Младлена
F;Момера
F;Моника
F;Мортадела
F;Мушана
F;Наводненка
F;Надка
F;Найда
M;Найо
M;Найчо
M;Наке
M;Нако
F;Нани
M;Нанко
M;Нано
M;Нансимир
M;Нанчо
M;Наню
M;Нарцислав
M;Наско
M;Настимир
F;Настия
M;Настрадин
M;Натанаил
F;Наташа
M;Натко
M;Наум
M;Нафисат
M;Нафтали
M;Нацко
M;Нацо
M;Начиян
M;Начко
M;Начо
M;Невен
F;Невена
M;Невенко
M;Невилиян
M;Невян
M;Негослав
F;Негрита
M;Неделин
M;Неделчо
F;Неделяна
M;Недислав
M;Недко
M;Недьо
M;Недю
M;Недялко
F;Нейка
M;Нейко
M;Нейчо
F;Нелида
M;Нелко
F;Нелла
M;Нелчо
M;Нене
M;Ненко
M;Ненсислав
M;Ненчо
M;Неокли
F;Неолина
M;Нерес
F;Нешка
F;Нигрита
F;Никоела
F;Николина
F;Нионила
F;Нона
F;Норка
F;Нурета
M;Обретим
M;Ованес
M;Огин
M;Огнен
F;Огнена
M;Океан
F;Октавия
M;Олег
M;Олек
F;Оливера
M;Олимпи
F;Омана
M;Омар
M;Омуртаг
M;Оник
M;Онуфри
M;Ончо
F;Орлеана
M;Орлин
M;Ортодокси
M;Орфей
M;Орхидей
F;Орхидея
M;Орце
M;Оскар
M;Оханес
M;Павел
M;Павелин
F;Павилия
M;Павко
M;Павлик
M;Павлин
F;Павлина
M;Павлинчо
M;Павломир
M;Паисий
M;Пако
F;Палвира
M;Палми
M;Палмиро
F;Паломина
M;Панай
M;Панайот
F;Панда
M;Панде
M;Панделис
M;Пане
M;Панкртийян
M;Пано
M;Панталей
M;Пантелей
F;Пантера
M;Панто
M;Пантю
M;Панчо
M;Паолина
M;Параскев
M;Параход
M;Парашкев
M;Парашкеван
F;Парашкевица
F;Парунка
M;Паруш
M;Паско
M;Паспанахил
M;Пато
M;Патрик
F;Патриотка
M;Патьо
M;Паулин
F;Паулина
F;Паца
M;Пацо
M;Пачо
M;Пейко
M;Пейо
M;Пейодон
F;Пейолина
M;Пейтан
M;Пейчин
M;Пейчо
M;Пеко
M;Пелай
M;Пеле
F;Пелина
M;Пенко
M;Пенчин
M;Пенчо
M;Пеньо
M;Пеню
M;Пео
F;Пепелота
M;Пепино
M;Пепислав
M;Пепо
F;Периана
M;Перикъл
M;Персиана
M;Персиян
M;Перчо
M;Петиконгрес
F;Петинка
M;Петкан
M;Петко
M;Пето
M;Петраки
M;Петрана
F;Петрийка
M;Петринел
M;Петрозар
M;Петромил
F;Петромира
F;Петрушка
F;Пешка
F;Пламена
F;Плодовитка
F;Полексина
F;Полин
F;Правда
F;Преса
F;Прина
F;Пролетина
F;Простисвета
F;Пупи
F;Първолетка
F;Рада
F;Радиа
F;Радимира
F;Радка
F;Радосвета
F;Радостка
F;Раинка
F;Райничка
F;Рамина
M;Рангел
M;Рангел-любими
M;Рандю
M;Ранчо
M;Расате
M;Рафаил
M;Рачко
M;Рачо
M;Рашко
M;Рашо
M;Раю
M;Раян
M;Реан
F;Ревка
M;Рем
F;Ренгия
F;Риана
F;Римма
M;Риналдо
M;Рис
M;Ристя
M;Ричард
M;Ричерд
F;Рия
M;Роберт
M;Роберто
M;Робин
M;Робърт
M;Рогелина
M;Рогена
M;Родан
M;Родион
F;Роза
M;Розалин
F;Розана
F;Розета
M;Розин
F;Розка
M;Розоцвет
M;Ройо
M;Роксан
F;Роксана
M;Ромел
M;Ромелина
M;Ромен
M;Ромео
M;Ромил
F;Ромолета
M;Ромул
F;Роселина
M;Росен
M;Росенка
M;Росимир
F;Росислава
M;Роска
M;Роско
M;Ростиана
M;Ростимир
M;Ростислав
F;Ростислава
F;Ружка
F;Румислава
F;Русалия
F;Руска
F;Сабина
F;Савета
F;Салина
F;Санка
F;Сарая
F;Сахория
F;Свежа
F;Светла
M;Светломир
F;Светломира
M;Светлю
M;Светозар
M;Светослав
F;Свидна
F;Свободка
M;Себастиан
M;Себахтин
M;Севан
M;Севар
M;Севастин
F;Севда
M;Севдалин
M;Севдан
M;Севелин
M;Северин
F;Севета
M;Седеф
M;Седефчо
M;Селен
M;Селена
F;Семенарка
M;Сенко
M;Серафим
M;Сергей
F;Сергелинка
M;Сеслав
F;Сибила
M;Сиви
M;Сидер
M;Сидония
M;Сидор
M;Сиен
F;Сиена
M;Силаги
M;Силан
M;Силвестър
F;Силви
M;Силвио
F;Силвия-александра
M;Силвиян
M;Силян
F;Силяна
M;Симеон
M;Симо
F;Симона
F;Синтия
M;Сирман
F;Сисоя
M;Сифоня
F;Скакалка
M;Скорбут
M;Слав
M;Славдо
M;Славе
M;Славейко
M;Славен
F;Славея
M;Слави
M;Славил
F;Славка
F;Сладоледка
F;Смехотерапия
F;Смирна
F;Снежинка
F;Софийка
F;Спасена
F;Спасияна
F;Спирела
F;Стависара
F;Стаматка
F;Станиела
F;Станимирка
F;Сташа
F;Стелина
F;Стефани
F;Стеяна
F;Стоимена
F;Столетка
F;Стоянка
F;Сузи
F;Съвестина
F;Сърменка
F;Таисия
F;Таня
F;Ташимира
F;Теа
F;Телефонка
F;Темира
F;Теодора
M;Теодоси
M;Теодосий
M;Теодослав
M;Теодостин
M;Теофан
M;Теохар
M;Тервел
F;Теса
M;Тигрони
F;Тилиана
M;Тило
M;Тильо
M;Тимо
M;Тимон
M;Тимотей
M;Тимчо
M;Тино
M;Тинчо
F;Тиха
M;Тихо
M;Тихол
M;Тихомир
M;Тихон
M;Тишо
F;Тоанета
M;Тоде
M;Тодомирка
M;Тодораки
M;Тодорин
M;Тодорина
M;Токимир
M;Толек
F;Толиана
M;Толю
M;Тома
M;Томас
M;Томен
M;Томинка
M;Томислав
M;Томо
F;Тона
M;Тоне
M;Тони
M;Тонимир
M;Тонислав
F;Тоницвета
M;Тонко
M;Тончо
M;Топалко
M;Тополко
F;Тоска
M;Тотко
M;Тотьо
M;Тотю
M;Тоцо
F;Тошка
F;Трендафила
F;Трифонка
F;Троша
F;Труфана
F;Тръпка
F;Туфка
F;Улиана
F;Урима
F;Фабияна
F;Фатиме
F;Феня
F;Фикия
M;Филатей
M;Фили
M;Филидан
M;Филион
M;Филип
M;Филипас
F;Филипини
M;Филипопол
M;Филко
M;Филомир
M;Филчо
M;Фильо
F;Фимка
M;Финдо
M;Фиро
M;Фирчо
M;Фичо
F;Флавия
M;Флори
M;Флориан
F;Флорика
M;Флорин
M;Флоро
M;Фори
M;Фосил
F;Фотинка
M;Франк
M;Франц
M;Францислав
M;Фрацил
M;Фреди
M;Фродо
F;Фронка
F;Фуга
M;Фуго
M;Фуко
M;Фъстък
M;Фьодор
M;Хавтелин
F;Хана
M;Ханко
M;Хараламби
M;Харалампи
M;Харалан
M;Харбингър
M;Хари
M;Харизан
M;Харитон
F;Харитония
M;Хасан
M;Хасатин
M;Хачо
M;Хвойне
M;Хебър
M;Хектор
F;Хенриета
M;Хераклит
M;Хернани
M;Хефестион
M;Химинай
F;Хинка
M;Хинко
M;Хино
M;Хитко
F;Холи
M;Хороз
M;Храбрин
M;Храбър
M;Хранимир
F;Хранислава
M;Хрелко
M;Хрельо
F;Хрисанка
M;Хрисим
M;Хрисимир
M;Хрисо
F;Христа
M;Христалин
F;Христела
M;Христивилин
M;Христиела
M;Христилиан
F;Христилияна
M;Христо
M;Христо-никола
M;Христодор
F;Христоелена
M;Христозар
M;Христозорнициан
M;Христозорницомил
M;Христомил
M;Христомир
M;Христослав
M;Христофор
F;Христя
M;Хрисчо
M;Хрондел
M;Хрусан
M;Хубав
F;Хубавелка
M;Хубавен
M;Хубан
M;Хубен
F;Цанета
F;Царевна
F;Цветана
F;Цветелина
F;Цветилена
F;Цветлина
F;Цветолилия
F;Цветяна
F;Цеца
F;Цола
M;Цоню
F;Цоня
M;Цоцо
M;Цочо
M;Цъки
M;Чавдар
F;Чана
M;Чанкете
M;Чанко
M;Чано
M;Чаньо
M;Чардафон
F;Чардафона
M;Чародей
M;Чауш
F;Чачия
M;Чачо
M;Чвор
M;Чедомир
M;Ченко
M;Ченю
M;Чепо
F;Череша
M;Черноризец
M;Черньо
F;Четвърта
M;Чийо
M;Чико
M;Чило
F;Чона
M;Чонар
M;Чони
M;Чоно
M;Чоню
M;Чочо
M;Чочомир
M;Чубрик
F;Чубрина
M;Чуде
M;Чудо
M;Чудомир
M;Чудослав
M;Чук
M;Шабан
F;Шана
M;Шанко
M;Шаноу
M;Шаро
M;Шейна
M;Шеки
F;Шена
M;Шенко
M;Шенол
F;Шехерезада
M;Шибил
M;Шидер
F;Шинка
M;Шинко
M;Шино
M;Шипчан
M;Ширко
M;Шишман
M;Шкодри
M;Шмильо
M;Шмулю
M;Шпилко
M;Шушо
F;Щедра
M;Щедрин
M;Щедю
M;Щеки
M;Щено
M;Щеню
F;Щериана
M;Щерион
M;Щериян
M;Щерко
M;Щерьо
M;Щерю
F;Щефания
M;Щилиян
M;Щилян
F;Щилянка
M;Щирян
M;Щоно
F;Щтилка
M;Щтърбан
M;Щтъркан
M;Щурк
M;Щърбан
M;Щъркан
M;Ъглен
F;Ъгленка
M;Ълен
M;Ърнест
M;Ъруин
M;Ърчо
F;Ъчка
M;Ьобирдар
M;Юги
M;Юлиан
F;Юлиена
M;Юлий
F;Юлия
M;Юлиян
F;Юнона
M;Юрдан
M;Юри
M;Юрий
F;Юрита
F;Юстианна
M;Юстин
M;Юстиниан
M;Яблен
F;Ябленка
M;Явор
F;Явора
M;Яго
F;Ягода
M;Ягодин
M;Язо
M;Яким
M;Яко
M;Якоб
M;Яков
M;Якослав
F;Ялислава
M;Ян
F;Яна-Мартина
M;Янадин
M;Янаки
M;Янакин
M;Яначко
M;Яне
M;Янег
M;Янедин
M;Янек
M;Яни
M;Яниел
M;Яник
M;Янимир
F;Янина
M;Янис
M;Янислав
F;Яниславия
M;Яничко
F;Янка
M;Янко
M;Янкул
M;Яно
M;Яномил
M;Янтар
M;Януш
M;Янцислав
M;Янче
M;Янчо
F;Ярка
M;Ярно
M;Яромир
M;Ярце
M;Ярчо
M;Яръм
M;Ярю
M;Ясен
F;Ясена
M;Ясер
M;Ястреб
M;Ятан
F;Ятана
M;Яцо
M;Ячо
M;Яшар
M;Яшка
M;Яшо
M;Яшон
F;анета
M;десилиан
F;ивамина
M;иринеус
F;кристабела
F;милдия
F;перуна
F;севделина
F;тамара
M;християн
