M;Adam
F;Adéla
F;Agáta
M;Albert
F;Alena
M;Alexander
M;Alexandr
F;Alexandra
M;Aleš
F;Alice
M;Alois
F;Alžběta
F;Anastázie
F;Andrea
F;Anděla
F;Aneta
F;Anežka
F;Anna
M;Antonín
F;Apolena
M;Arnošt
M;Artur
F;Barbora
M;Bedřich
M;Blahoslav
F;Blanka
F;Blažena
M;Bohumil
F;Bohumila
M;Bohumír
M;Bohuslav
M;Boleslav
M;Bořivoj
F;Božena
M;Břetislav
M;Ctibor
M;Ctirad
F;Dagmar
M;Dalibor
F;Dana
M;Daniel
F;Daniela
F;Danuše
M;David
M;Denis
F;Denisa
F;Dita
M;Dobroslav
M;Dominik
F;Dominika
F;Dorota
F;Drahomíra
M;Drahoslav
F;Drahoslava
M;Dušan
F;Edita
M;Eduard
F;Elena
F;Eliška
F;Ema
M;Emil
F;Emilie
M;Erik
F;Erika
F;Ester
F;Eva
F;Evelína
M;Felix
M;Ferdinand
M;Filip
M;František
F;Františka
F;Gabriela
F;Hana
F;Hedvika
F;Helena
M;Horymír
M;Hubert
M;Hynek
M;Ignác
M;Igor
F;Ilona
F;Irena
F;Iva
M;Ivan
F;Ivana
F;Iveta
M;Ivo
F;Ivona
M;Jakub
M;Jan
F;Jana
F;Jarmila
M;Jaromír
M;Jaroslav
F;Jaroslava
M;Jindřich
F;Jindřiška
F;Jitka
F;Jiřina
M;Jiří
F;Johana
F;Jolana
M;Jonáš
M;Josef
M;Jozef
F;Judita
F;Julie
M;Ján
M;Kamil
F;Kamila
M;Karel
F;Karolína
F;Kateřina
F;Klaudie
M;Klement
F;Klára
F;Kristina
F;Kristýna
M;Kryštof
F;Květa
F;Květoslava
F;Lada
M;Ladislav
F;Ladislava
F;Lenka
F;Leona
M;Leoš
M;Libor
F;Libuše
F;Linda
M;Lubomír
M;Luboš
F;Lucie
F;Ludmila
M;Ludvík
M;Luděk
M;Lukáš
M;Lumír
F;Lýdie
F;Magdalena
F;Magdaléna
F;Mahulena
M;Marcel
F;Marcela
M;Marek
M;Marian
F;Marie
F;Markéta
F;Marta
M;Martin
F;Martina
M;Matouš
M;Matyáš
M;Matěj
M;Michael
F;Michaela
M;Michal
M;Mikuláš
F;Milada
M;Milan
F;Milena
M;Miloslav
F;Miloslava
M;Miloš
F;Miluše
M;Miroslav
F;Miroslava
M;Mojmír
F;Monika
F;Mária
F;Naděžda
F;Natálie
F;Nela
F;Nikol
F;Nikola
F;Nina
F;Nora
M;Norbert
M;Oldřich
F;Olga
F;Olivie
M;Ondřej
M;Otakar
M;Oto
F;Otýlie
F;Patricie
M;Patrik
M;Pavel
F;Pavla
F;Pavlína
M;Peter
M;Petr
F;Petra
M;Přemysl
M;Radek
M;Radim
F;Radka
M;Radomír
M;Radoslav
M;Radovan
F;Renata
F;Renáta
M;René
M;Richard
M;Robert
M;Robin
M;Roman
F;Romana
M;Rostislav
M;Rudolf
F;Růžena
F;Sabina
M;Samuel
F;Silvie
F;Simona
M;Slavomír
F;Slavěna
F;Soňa
M;Stanislav
F;Stanislava
M;Svatopluk
M;Svatoslav
F;Světlana
F;Sára
M;Tadeáš
M;Teodor
F;Tereza
M;Tomáš
F;Vanda
M;Vasyl
F;Vendula
F;Veronika
M;Viktor
F;Viktorie
F;Vilma
M;Vilém
M;Vladimír
F;Vladimíra
M;Vladislav
M;Vlasta
M;Vlastimil
M;Vojtěch
M;Vratislav
M;Václav
M;Vít
M;Vítězslav
F;Věra
M;Zbyněk
F;Zdenka
M;Zdeněk
F;Zdeňka
F;Zdislava
M;Zikmund
F;Zora
F;Zuzana
M;Šimon
M;Štefan
M;Štěpán
F;Štěpánka
F;Šárka
F;Žaneta
F;Žofie
