M;Anon
M;Apisara
M;Arisara
M;Atit
M;Aunyaporn
M;Chaifah
M;Chaiwut
M;Chalisa
M;Chanikan
M;Chanya
M;Chawin
M;Chayanin
M;Chayapat
M;Darin
M;Jaruwan
M;Jinjuta
M;Jitrin
M;Kamolchanok
M;Kodchaporn
M;Kulnun
M;Kunaporn
M;Nattawun
M;Nichakarn
M;Niracha
M;Noppakao
M;Nutcha
M;Nutkrita
M;Nutwadee
M;Pachongruk
M;Pada
M;Pak
M;Pakjira
M;Pannawich
M;Parin
M;Patchaploy
M;Patcharaporn
M;Pattamon
M;Pattapon
M;Pattatomporn
M;Pawan
M;Peem
M;Phenphitcha
M;Phubes
M;Pintusorn
M;Pitipat
M;Pornchanok
M;Prames
F;Prima
M;Puntira
M;Ratchanon
M;Sarunporn
M;Sitiwat
M;Sittikorn
M;Sorawut
M;Supasit
M;Supasita
M;Suvakit
M;Suwijuk
M;Teetat
M;Thanatcha
M;Todsawun
M;Tunchanok
M;Tunradee
M;Wasin
M;Wassaya
F;Yada
M;Yanisa
