M;Aarón
M;Abdón
M;Abel
M;Abelardo
F;Abigail
M;Abner
M;Abraham
F;Ada
F;Adela
F;Adelaida
F;Adelina
M;Adolfo
F;Adriana
M;Adrián
M;Adán
M;Agustin
F;Agustina
M;Aladino
M;Alamiro
M;Alan
F;Alba
M;Albert
F;Albertina
M;Alberto
M;Aldo
F;Alejandra
F;Alejandrina
M;Alejandro
M;Alex
M;Alexander
F;Alexandra
M;Alexis
M;Alfonso
M;Alfredo
F;Alice
F;Alicia
F;Alison
M;Allan
F;Allison
F;Alma
F;Almendra
F;Alondra
M;Alonso
F;Amada
M;Amador
F;Amalia
F;Amanda
M;Amaro
M;Amaru
F;Amelia
F;Amparo
F;Amy
F;Ana
F;Anahis
F;Anahí
F;Anastasia
F;Anaís
F;Andrea
M;Andrew
M;Andrés
M;Andy
M;Angelo
F;Angie
F;Angélica
F;Anita
F;Anna
M;Anthony
F;Antonella
F;Antonia
F;Antonieta
M;Antonio
M;Anyelo
M;Aníbal
F;Araceli
F;Aracely
M;Ariel
M;Armando
M;Arnaldo
M;Aron
M;Arsenio
M;Arturo
F;Ashley
F;Astrid
M;Augusto
F;Aurelia
F;Aurora
M;Axel
F;Ayleen
F;Aylin
F;Aída
M;Baltazar
M;Bastián
M;Bayron
F;Beatriz
M;Belarmino
M;Belisario
F;Belén
M;Benedicto
M;Benito
M;Benjamin
M;Benjamín
F;Bernarda
M;Bernardino
F;Bernardita
M;Bernardo
F;Berta
F;Betty
F;Bianca
F;Blanca
M;Blas
M;Boris
M;Borja
M;Brandon
M;Braulio
M;Brayan
F;Brenda
M;Brian
M;Bruno
M;Bryan
F;Brígida
M;Byron
F;Bárbara
F;Camila
M;Camilo
F;Carla
M;Carlo
M;Carlos
F;Carmela
F;Carmen
F;Carol
F;Carola
F;Carolina
F;Caroline
F;Catalina
F;Catherine
F;Cecilia
M;Ceferino
F;Celeste
F;Celia
F;Celinda
M;Celso
M;Cesar
M;Charles
M;Christian
M;Christofer
M;Christopher
F;Cindy
F;Cinthia
F;Cinthya
M;Cipriano
F;Clara
F;Clarisa
F;Claudia
F;Claudina
M;Claudio
M;Clemente
F;Clementina
M;Clodomiro
F;Clorinda
F;Clotilde
F;Colomba
F;Constanza
F;Consuelo
F;Corina
M;Cornelio
M;Cristhian
M;Cristhofer
M;Cristian
F;Cristina
M;Cristián
M;Cristofer
M;Cristopher
M;Cristóbal
F;Cynthia
M;César
F;Dafne
M;Dagoberto
F;Daisy
F;Damaris
M;Damián
F;Danae
F;Dania
M;Daniel
F;Daniela
F;Daniella
M;Danilo
F;Danitza
M;Danny
M;Dante
M;Darwin
M;Darío
M;David
F;Dayana
F;Debora
F;Delfina
F;Delia
M;Demetrio
M;Demian
M;Denis
F;Denise
F;Denisse
M;Dennis
M;Derek
M;Desiderio
F;Deyanira
F;Diana
M;Diego
F;Digna
M;Dilan
F;Dina
M;Dionisio
F;Dominga
M;Domingo
F;Dominique
F;Dora
F;Doralisa
F;Doris
M;Douglas
M;Dylan
F;Edelmira
M;Edgar
M;Edgard
M;Edgardo
M;Edinson
M;Edison
F;Edita
F;Edith
M;Edmundo
M;Edson
M;Eduardo
M;Edward
M;Edwin
M;Efraín
F;Elba
F;Elcira
M;Eleazar
F;Elena
M;Eleodoro
M;Eleuterio
F;Elia
F;Eliana
M;Eliecer
M;Elio
F;Elisa
F;Elisabeth
M;Eliseo
F;Elizabeth
M;Eloy
F;Eloísa
F;Elsa
F;Elvira
M;Elvis
M;Elías
F;Ema
M;Emanuel
F;Emelina
M;Emerson
F;Emilia
M;Emiliano
M;Emilio
F;Emily
F;Emma
M;Enrique
F;Enriqueta
M;Enzo
M;Erasmo
M;Eric
F;Erica
M;Erick
M;Erik
F;Erika
F;Ernestina
M;Ernesto
M;Erwin
F;Esperanza
M;Esteban
F;Estefany
F;Estefanía
F;Estela
F;Ester
F;Esther
F;Estrella
M;Ethan
F;Eugenia
M;Eugenio
M;Eulogio
F;Eva
M;Evaristo
F;Evelin
F;Evelyn
M;Exequiel
M;Eydan
M;Ezequiel
F;Fabiana
F;Fabiola
M;Fabián
M;Fabricio
M;Facundo
F;Fanny
M;Federico
M;Feliciano
M;Felipe
M;Fermín
F;Fernanda
M;Fernando
M;Fidel
F;Filomena
F;Fiorella
F;Flavia
M;Flavio
F;Flor
F;Flora
F;Florencia
M;Florencio
F;Florentina
M;Floridor
F;Francesca
F;Franchesca
F;Francia
F;Francis
F;Francisca
M;Francisco
M;Franco
M;Franklin
M;Freddy
M;Fredy
F;Fresia
M;Félix
M;Gabriel
F;Gabriela
M;Gael
M;Galvarino
M;Gary
M;Gaspar
M;Gastón
F;Gema
M;Genaro
F;Genoveva
M;George
F;Georgina
M;Gerald
F;Geraldine
M;Gerardo
M;Germán
M;Gerson
M;Gerónimo
M;Giancarlo
M;Gilberto
F;Gilda
F;Gina
M;Gino
F;Giovanna
M;Giovanni
M;Giovanny
F;Gisela
F;Giselle
F;Gisselle
F;Giuliana
F;Gladys
F;Gloria
M;Gonzalo
F;Grace
F;Graciela
M;Gregorio
F;Gricelda
M;Guido
F;Guillermina
M;Guillermo
M;Gumercindo
M;Gustavo
F;Génesis
M;Hans
M;Harold
M;Harry
F;Haydée
F;Helena
M;Henry
M;Heriberto
M;Herman
M;Hermes
F;Herminia
M;Herminio
M;Hernán
F;Hilda
M;Hipólito
M;Horacio
F;Hortensia
M;Hugo
M;Humberto
M;Héctor
M;Ian
F;Ida
F;Ignacia
M;Ignacio
M;Igor
M;Iker
F;Ingrid
F;Inés
F;Irene
F;Iris
F;Irma
M;Isaac
F;Isabel
F;Isabella
M;Isaías
F;Isidora
M;Isidro
M;Ismael
F;Isolina
M;Israel
F;Ivette
F;Ivonne
M;Iván
F;Jacinta
M;Jacinto
M;Jacob
F;Jacqueline
M;Jaime
M;Jairo
M;James
M;Jan
F;Janet
M;Jason
M;Javier
F;Javiera
F;Jazmín
M;Jean
F;Jeanette
F;Jeannette
M;Jeison
F;Jenifer
F;Jennifer
F;Jenny
M;Jeremy
M;Jeremías
M;Jerónimo
F;Jessica
M;Jesus
M;Jesús
M;Jhoan
M;Jhon
M;Jhonatan
M;Jhonny
F;Jimena
M;Jimmy
M;Joan
M;Joaquín
F;Jocelyn
M;Joel
M;Johan
F;Johana
M;Johann
F;Johanna
M;John
M;Jonas
M;Jonathan
M;Jordan
M;Jordán
M;Jorge
F;Josefa
F;Josefina
F;Joselyn
M;Joseph
M;Joshua
M;Josue
M;Josué
M;José
F;Jovita
M;Juan
F;Juana
F;Juanita
F;Judith
F;Julia
F;Juliana
F;Julieta
M;Julio
M;Julián
M;Junior
M;Justo
M;Juvenal
F;Karen
F;Karin
F;Karina
F;Karla
F;Karol
F;Katalina
F;Katerine
F;Katherine
F;Katherinne
F;Katia
F;Kelly
M;Kevin
F;Kiara
F;Kimberly
F;Krishna
M;Kurt
F;Laura
M;Lautaro
M;Leandro
M;Lenin
M;Leonardo
M;Leoncio
M;Leonel
F;Leonor
M;Leopoldo
F;Leslie
F;Lesly
F;Leticia
F;Leyla
M;León
M;Leónidas
M;Liam
F;Lidia
F;Lilian
F;Liliana
F;Lina
F;Linda
M;Lisandro
F;Lisette
F;Lissette
F;Lorena
F;Lorenza
M;Lorenzo
F;Loreto
F;Lourdes
M;Lucas
F;Luciana
M;Luciano
F;Lucila
F;Lucinda
F;Lucrecia
F;Lucy
F;Lucía
M;Luis
F;Luisa
M;Lukas
F;Luna
F;Luz
F;Luzmira
F;Lía
F;Mabel
F;Macarena
F;Magali
F;Magaly
F;Magdalena
M;Maicol
M;Maikol
F;Maite
F;Makarena
M;Manuel
F;Manuela
M;Marcel
F;Marcela
F;Marcelina
M;Marcelino
M;Marcelo
F;Marcia
M;Marcial
M;Marco
M;Marcos
F;Margarita
F;Margot
F;Mariana
F;Marianela
M;Mariano
F;Maribel
F;Maricel
F;Maricela
F;Marie
F;Mariela
F;Marilyn
F;Marina
M;Mario
F;Marion
F;Marisa
F;Marisel
F;Marisol
F;Maritza
F;Marjorie
M;Mark
F;Marlene
M;Marlon
F;Marta
F;Martha
M;Martin
F;Martina
M;Martín
F;Mary
F;María
F;Massiel
M;Mateo
M;Matheo
M;Mathias
F;Matilda
F;Matilde
M;Matthew
M;Matías
F;Maura
M;Mauricio
M;Mauro
M;Max
M;Maximiliano
M;Maykol
F;Mayra
F;Mayte
F;Melania
F;Melanie
F;Melany
F;Melissa
F;Mercedes
F;Mery
F;Mia
F;Micaela
M;Michael
M;Michel
F;Michelle
M;Miguel
F;Milagros
F;Milena
F;Millaray
M;Milton
M;Milán
F;Mireya
F;Miriam
F;Mirna
F;Mirta
F;Mirtha
M;Misael
M;Moisés
F;Monica
F;Monserrat
F;Montserrat
F;Muriel
F;Myriam
M;Máximo
F;Mía
F;Mónica
F;Nadia
F;Nancy
M;Narciso
F;Natacha
F;Natali
F;Natalia
F;Natalie
F;Nataly
F;Nathalie
F;Nathaly
F;Natividad
F;Nayareth
M;Neftalí
F;Nelly
M;Nelson
M;Nibaldo
M;Nicanor
F;Nicol
F;Nicole
M;Nicolás
F;Nidia
F;Nieves
F;Nilda
F;Ninoska
M;Noah
F;Noelia
F;Noemí
F;Nora
M;Norberto
F;Norma
F;Nury
M;Néstor
M;Octavio
M;Olegario
F;Olga
M;Oliver
F;Olivia
M;Omar
M;Onofre
F;Orfelina
F;Oriana
M;Orlando
M;Oscar
M;Osvaldo
F;Otilia
F;Pabla
M;Pablo
F;Paloma
F;Pamela
F;Paola
M;Paolo
F;Pascal
F;Pascale
M;Pascual
F;Pascuala
F;Patricia
M;Patricio
M;Patrick
M;Paul
F;Paula
F;Paulette
F;Paulina
M;Paulo
F;Paz
M;Pedro
M;Percy
F;Perla
M;Peter
F;Petronila
M;Piero
F;Pilar
F;Priscila
F;Priscilla
F;Pía
F;Rachel
M;Rafael
F;Rafaela
F;Rafaella
M;Raimundo
M;Ramiro
F;Ramona
M;Ramón
F;Raquel
F;Rayén
M;Raúl
F;Rebeca
F;Regina
M;Reinaldo
F;Renata
M;Renato
M;Renzo
M;René
M;Reynaldo
M;Ricardo
M;Richard
M;Rigoberto
F;Rita
M;Robert
M;Roberto
M;Robinson
F;Rocio
F;Rocío
M;Rodolfo
M;Rodrigo
M;Rogelio
M;Roger
M;Rolando
F;Romina
M;Ronald
M;Rony
F;Rosa
F;Rosalba
F;Rosalía
M;Rosamel
F;Rosario
F;Rose
M;Rosendo
F;Rossana
F;Roxana
F;Ruby
M;Rubén
M;Ruperto
F;Ruth
F;Sabina
F;Sabrina
M;Said
M;Salomón
M;Salvador
F;Samantha
M;Samuel
F;Sandra
M;Sandro
M;Santiago
M;Santino
M;Santos
F;Sara
F;Sarah
M;Saúl
F;Scarlet
F;Scarlett
F;Scarlette
M;Sebastián
M;Segundo
M;Sergio
F;Silvana
F;Silvia
M;Silvio
M;Simon
M;Simón
M;Sixto
F;Sofía
F;Solange
F;Soledad
F;Sonia
F;Sophia
F;Soraya
F;Stephanie
F;Susan
F;Susana
F;Sylvia
F;Tabita
F;Tamara
F;Tania
F;Tatiana
M;Teodoro
F;Teresa
F;Teresita
M;Thiago
F;Thiare
M;Thomas
F;Tiare
M;Tomás
F;Trinidad
F;Uberlinda
M;Ulises
F;Valentina
M;Valentino
M;Valentín
F;Valeria
F;Valeska
F;Vanesa
F;Vanessa
F;Vania
F;Veronica
F;Verónica
M;Vicente
F;Victoria
M;Victorino
F;Vilma
F;Violeta
F;Virginia
F;Vivian
F;Viviana
M;Vladimir
M;Víctor
M;Waldo
M;Walter
M;Wilfredo
M;William
M;Williams
M;Willy
F;Wilma
M;Wilmer
M;Wilson
M;Wladimir
F;Ximena
F;Yamilet
F;Yanara
F;Yanina
F;Yanira
F;Yaritza
F;Yasmín
F;Yasna
M;Yeison
F;Yenny
M;Yerko
F;Yesenia
F;Yesica
F;Yessenia
F;Yessica
F;Yocelyn
M;Yohan
F;Yohana
F;Yolanda
M;Yonatan
M;Yonathan
M;Yordan
F;Yoselin
M;Yuri
F;Zoila
F;Zulema
F;Zunilda
M;Álvaro
F;Ámbar
M;Ángel
F;Ángela
M;Ítalo
F;Úrsula
