F,آتنا
M,آراد
M,آرتين
M,آرتین
M,آرش
M,آرمين
M,آرمین
M,آريا
M,آرين
M,آریا
M,آرین
F,آوا
F,آيدا
F,آيلين
F,آيناز
F,آیدا
F,آیلین
F,آیناز
M,ابوالفضل
M,احسان
F,اسرا
F,اسما
F,النا
F,الناز
F,الينا
F,الینا
M,اميرحسين
M,اميررضا
M,اميرعباس
M,اميرعلي
M,اميرمحمد
M,اميرمهدي
M,امیر علی
M,امیرحسین
M,امیررضا
M,امیرعباس
M,امیرمحمد
M,امیرمهدی
M,ايليا
M,ایلیا
F,باران
M,بنيامين
M,بنیامین
F,بهار
F,ثنا
F,حدیث
M,حسام
F,حسنا
M,حسين
M,حسین
F,حلما
F,حنانه
M,دانيال
M,دانیال
M,رضا
F,رقيه
F,رقیه
F,رها
F,ريحانه
F,ریحانه
F,زهرا
F,زينب
F,زینب
F,سارا
F,سارینا
M,ساميار
M,سبحان
F,ستايش
F,ستایش
M,سجاد
F,سوگند
M,سينا
M,سینا
M,طاها
M,عباس
M,عرشیا
M,عرفان
F,عسل
M,علي
M,عليرضا
M,علی
M,علی اصغر
M,علی اكبر
M,علی رضا
M,علیرضا
F,فاطمه
F,فاطمه زهرا
F,فاطمياسارينا
F,كوثر
M,كیان
F,كیانا
F,مائده
M,ماهان
M,مبين
F,مبينا
M,مبین
F,مبینا
M,متين
M,متین
F,محدثه
M,محمد
M,محمد طاها
M,محمد مهدی
M,محمدامين
M,محمدامین
M,محمدجواد
M,محمدحسين
M,محمدحسین
M,محمدرضا
M,محمدعلي
M,محمدمهدي
M,محمدياسين
M,محمدپارسا
M,محمدیاسین
F,محيا
F,محیا
F,مريم
F,مریم
F,معصومه
F,مليکا
F,ملیكا
M,مهدي
F,مهديس
M,مهدی
F,مهدیس
F,مهدیه
F,مهسا
F,نازنين
F,نازنین
F,نازنین زهرا
F,نرگس
F,نيايش
F,نیایش
M,نیما
F,هانيه
F,هانیه
F,هستي
F,هستی
F,هليا
F,هلیا
F,ياسمين
M,ياسين
F,يسنا
M,يوسف
M,پارسا
F,پرنيا
M,پرهام
F,پریا
F,کوثر
M,کيان
F,کيانا
F,یاسمین
M,یاسین
F,یسنا
F,یلدا
M,یوسف
F,یگانه
