F;Agnès
M;Alain
F;Alex
F;Alexandra
M;Alexandre
M;Alexis
F;Alice
F;Amélie
F;Anaïs
M;André
F;Andrée
F;Anne
F;Anouk
M;Antoine
M;Arthur
F;Astrid
F;Audrey
F;Aurore
F;Aurélie
M;Benjamin
M;Benoît
M;Bernard
M;Bertrand
F;Brigitte
F;Béatrice
F;Camille
F;Caroline
F;Catherine
F;Chantal
M;Charles
F;Charlotte
F;Christelle
F;Christiane
F;Christine
F;Claire
F;Claude
F;Claudine
F;Clémence
F;Colette
F;Constance
F;Cécile
F;Célina
F;Céline
M;Daniel
F;Danielle
M;David
M;Denis
F;Denise
F;Diane
F;Dominique
F;Dorothée
F;Emma
M;Emmanuel
F;Emmanuelle
F;Florence
M;François
F;Françoise
M;Frédéric
F;Frédérique
M;Gabriel
F;Gabrielle
F;Geneviève
M;Georges
M;Gilbert
M;Gilles
M;Grégoire
M;Guillaume
M;Guy
M;Gérard
M;Henri
F;Henriette
F;Hortense
M;Hugues
F;Hélène
F;Isabelle
F;Jacqueline
M;Jacques
M;Jean
F;Jeanne
F;Jeannine
F;Jessica
M;Jonathan
M;Joseph
F;Josette
F;Joséphine
M;Jules
F;Julie
M;Julien
F;Juliette
M;Jérôme
F;Karine
M;Kevin
F;Laetitia
F;Laurence
M;Laurent
F;Laurie
F;Lorraine
M;Louis
F;Louise
M;Luc
M;Lucas
F;Lucie
F;Lucy
F;Manon
M;Marc
M;Marcel
F;Marcelle
F;Margaret
F;Margot
F;Marguerite
F;Marianne
F;Marie
M;Martin
F;Martine
F;Maryse
M;Mathieu
F;Mathilde
F;Maude
M;Maurice
M;Maxime
M;Michel
F;Michelle
F;Michèle
F;Monique
F;Mélanie
F;Nathalie
M;Nathan
M;Nicolas
F;Nicole
F;Noémie
M;Noël
F;Océane
F;Odette
F;Olivia
M;Olivier
F;Patricia
M;Patrick
M;Paul
F;Paulette
F;Pauline
M;Philippe
M;Pierre
F;Pénélope
M;Raphaël
M;Raymond
M;René
F;Renée
M;Richard
M;Robert
M;Roger
M;Roland
F;Rosalie
M;Rémy
M;Samuel
F;Sarah
F;Simone
F;Sophie
M;Stéphane
F;Stéphanie
F;Susanne
F;Sylvie
M;Sébastien
M;Thomas
M;Théodore
F;Thérèse
M;Timothée
M;Tristan
F;Valérie
F;Vanessa
M;Victor
M;Vincent
F;Virginie
F;Véronique
M;William
M;Xavier
M;Yves
M;Zacharie
F;Zoé
F;Édith
M;Édouard
F;Élisabeth
F;Élise
F;Élodie
F;Éléonore
M;Émile
F;Émilie
M;Éric
M;Étienne
