M;אביאל
M;אביב
F;אביגיל
F;אביה
M;אביהו
M;אביחי
F;אביטל
M;אבינועם
M;אביעד
F;אבישג
M;אבישי
M;אביתר
M;אבראהים
M;אברהם
F;אגם
F;אדוה
M;אדיר
F;אדל
M;אדם
M;אדר
F;אהובה
M;אהרון
F;אודיה
F;אודל
F;אודליה
M;אוהד
F;אווה
M;אופיר
M;אופק
M;אור
M;אוראל
F;אורה
M;אורון
F;אורטל
M;אורי
M;אוריאל
F;אוריאן
M;אוריה
M;אורין
M;אורן
M;אושר
M;אושרי
M;אחיה
F;אחינועם
M;אחמד
M;איאן
F;איה
M;איהאם
F;איטה
F;איידל
M;אייל
F;איילה
F;איילת
F;איימי
M;אילון
M;איליי
F;אילין
M;אילן
F;אילת
F;אימאן
M;אימרי
M;איתי
M;איתיאל
M;איתמר
M;איתן
M;אלדר
F;אלה
F;אלומה
M;אלון
F;אלונה
M;אלחנן
F;אלי
M;אליאב
M;אליאור
M;אליאל
F;אליאן
F;אליאנה
M;אליאס
M;אליה
M;אליהו
M;אלימלך
F;אלין
F;אלינור
F;אליס
F;אליסה
M;אליעזר
F;אליענה
M;אלירן
F;אלישבע
M;אלישע
M;אלכס
M;אלכסנדר
F;אלמא
F;אלמה
M;אלמוג
M;אלעד
M;אלעזר
M;אלקנה
M;אלרואי
M;אלרועי
F;אמה
F;אמונה
F;אמור
F;אמי
F;אמילי
F;אמיליה
M;אמיר
M;אמיתי
F;אמל
F;אמלי
M;אמרי
F;אן
F;אנאבל
F;אנאל
F;אנה
M;אניל
F;אסיל
F;אסנת
M;אסף
F;אסתר
M;אפק
M;אפרים
F;אפרת
M;אראל
M;ארבל
M;ארד
M;ארז
M;ארי
M;אריאל
M;אריה
M;אשר
M;בארי
M;בועז
F;ביאן
F;בילא
F;ביסאן
F;בלומה
M;בן
M;בניה
M;בניהו
M;בנימין
M;בצלאל
M;בר
M;ברוך
F;ברכה
M;ברק
F;בת
F;בת שבע
F;בתיה
M;ג'וד
M;ג'וזף
M;ג'וליאן
F;ג'ולין
M;ג'ורג'
F;ג'ורי
F;ג'נא
F;גאיה
M;גבע
M;גבריאל
M;גוד
F;גולדה
F;גוני
M;גור
F;גורי
F;גזל
M;גיא
F;גיטל
M;גיל
F;גילה
M;גילי
M;גל
F;גלי
F;גליה
M;גלעד
M;גפן
M;דב
F;דבורה
M;דביר
M;דוד
M;דולב
M;דור
M;דורון
F;דורין
M;דילן
F;דימא
M;דין
F;דינה
M;דן
F;דנה
F;דני
M;דניאל
F;דניאלה
F;דפנה
M;דרור
F;דריה
F;הדס
F;הדסה
M;הדר
F;הודיה
F;היילי
F;הילה
F;הילי
M;הילל
F;הינדא
M;הלל
F;הללי
F;הניה
F;הענא
M;הראל
M;זאב
F;זהבה
F;זואי
M;זוהר
M;זיו
M;זיין
F;זינב
F;זינה
M;ח'אלד
M;חגי
F;חגית
F;חוה
M;חוסין
F;חיה
M;חיים
F;חלא
M;חמזה
F;חן
F;חנה
M;חנוך
M;חסן
F;טובה
M;טוביה
M;טוהר
M;טום
M;טומי
M;טל
F;טלי
F;טליה
M;יאיר
M;יאמן
M;יאן
M;יאסין
M;יגל
M;ידידיה
M;יהב
M;יהודה
F;יהודית
M;יהונתן
M;יהושע
M;יהל
M;יהלי
M;יואב
M;יואל
M;יובל
M;יוגב
M;יוחאי
M;יוחנן
F;יוטא
F;יוכבד
F;יולי
M;יונתן
M;יוסף
M;יותם
M;יזן
M;יחזקאל
M;יחיא
M;יחיאל
F;ים
M;ינאי
M;ינון
M;יניב
F;יסכה
F;יסמין
F;יעל
F;יעלה
M;יעקב
F;יערה
F;יפה
M;יפתח
M;יצחק
M;יקיר
M;ירדן
M;ירין
M;ישי
M;ישכר
M;ישעיה
M;ישראל
M;יששכר
F;כליל
F;כנרת
M;כפיר
M;כרים
M;כריסטיאן
M;כרם
M;כרמל
F;לאה
M;לאון
F;לארא
M;לביא
F;לוטם
M;לוי
F;לור
F;לורן
F;לי
M;ליאב
F;ליאה
M;ליאו
M;ליאור
F;ליאורה
M;ליאל
M;ליאם
F;ליאן
F;ליבא
F;ליבי
M;לידור
F;ליה
F;ליהי
F;ליהיא
F;ליטל
F;לייה
M;ליית
F;לילי
F;לילך
F;לין
F;לינוי
M;ליעד
M;ליעם
M;לירוי
F;לירון
F;לירז
F;לירי
M;לירן
F;למאר
F;לנא
M;לני
M;מאור
F;מאורי
F;מאי
F;מאיה
M;מאיר
M;מג'ד
M;מוחמד
M;מוסא
M;מוסטפא
F;מור
F;מוריה
M;מחמוד
F;מיאל
F;מיאר
F;מייה
M;מיכאל
F;מיכאלה
F;מיכל
F;מילא
M;מילאן
F;מילה
F;מילי
F;מיקה
F;מירא
F;מיראל
F;מישל
F;מיתר
M;מלאכי
F;מלאק
F;מלכה
F;מנוחה
F;מנור
M;מנחם
M;מעיין
F;מרגלית
M;מרדכי
M;מרום
F;מריה
F;מרים
M;משה
F;משי
M;מתן
M;מתנאל
M;מתניה
M;נאור
F;נאי
F;נאיא
M;נבו
F;נגה
M;נדב
M;נהוראי
M;נוה
F;נוי
F;נויה
F;נועה
M;נועם
F;נופר
F;נור
M;נח
F;נחמה
M;נחמן
F;נטלי
M;נטע
M;ניב
M;ניל
F;נילי
F;נינה
M;ניסים
M;ניצן
F;ניקה
F;ניקול
M;ניר
M;ניתאי
F;נעמה
F;נעמי
M;נפתלי
M;נריה
M;נתן
M;נתנאל
M;סאלח
F;סארה
M;סהר
F;סול
M;סולימאן
F;סופי
F;סופיה
F;סיון
F;סילא
F;סימה
M;סיני
F;סלמא
M;סער
F;ספיר
M;סתיו
M;עבד
M;עבדאללה
M;עברי
M;עדי
M;עדיאל
F;עדיה
F;עדינה
M;עדן
M;עובדיה
M;עוז
M;עומר
M;עומרי
M;עופר
M;עופרי
F;עטרה
F;עטרת
M;עידו
M;עידן
M;עילאי
M;עילי
M;עלי
F;עלמה
M;עמיחי
M;עמית
F;עמליה
M;עמנואל
F;ענאל
F;ענבל
M;ענבר
F;ענהאל
M;עקיבא
M;ערן
M;עתי
F;פאטמה
M;פאר
F;פיגא
M;פלג
M;פנחס
F;פנינה
F;פערל
F;פרח
F;פריאל
F;פריידא
M;צבי
F;צביה
F;צופיה
M;צור
F;צפורה
F;קארין
M;קדם
M;קוסאי
F;קורל
M;קורן
F;קים
F;קרן
F;קרני
M;ראובן
M;ראם
F;ראשית
M;רביד
F;רבקה
F;רהף
M;רואי
F;רוחמה
M;רוי
M;רום
F;רומי
M;רון
F;רונה
M;רוני
M;רועי
F;רות
M;רותם
M;רז
F;רחל
M;ריאן
F;רייזל
F;רים
F;רימא
F;רימאס
F;רינה
M;ריף
F;ריתאג'
F;ריתאל
M;רם
M;רן
M;רני
F;רננה
F;רעות
M;רעי
M;רפאל
F;רפיף
M;שאול
F;שאם
M;שגב
M;שגיא
F;שהד
F;שובל
M;שוהם
F;שולמית
M;שון
F;שושנה
M;שחר
F;שטערנא
M;שי
F;שי לי
F;שי-לי
F;שיינא
F;שיינדל
M;שילה
F;שילת
M;שיר
F;שיראל
F;שירה
F;שירי
M;שלו
M;שלום
F;שלי
M;שליו
M;שלמה
M;שמואל
M;שמחה
M;שמעון
F;שני
M;שניאור
F;שפרה
M;שקד
M;שרבל
F;שרה
F;תאיר
F;תאלא
F;תאלין
M;תבור
F;תבל
F;תהילה
F;תהל
F;תהלה
F;תולין
M;תום
M;תומר
F;תיא
M;תמיר
F;תמר
F;תמרה
F;תפארת
