F,Adrienn
M,Adrián
M,Albert
M,Alex
F,Alexandra
M,Andor
F,Andrea
M,András
F,Anett
F,Anikó
F,Anita
F,Anna
F,Annamária
M,Antal
F,Aranka
M,Arnold
M,Attila
M,Balázs
F,Barbara
M,Barna
M,Barnabás
F,Beatrix
M,Bence
M,Bendegúz
M,Benedek
M,Benjámin
F,Bernadett
M,Bertalan
F,Bettina
F,Beáta
F,Bianka
F,Boglárka
F,Borbála
M,Botond
F,Brigitta
M,Bálint
M,Béla
M,Csaba
F,Csilla
M,Csongor
M,Dezső
F,Diána
M,Dominik
F,Dorina
F,Dorottya
M,Dániel
M,Dávid
M,Dénes
F,Dóra
F,Edina
F,Edit
M,Elemér
F,Emese
M,Emil
F,Emma
M,Endre
F,Enikő
M,Erik
F,Erika
M,Ernő
M,Ervin
F,Erzsébet
F,Eszter
F,Etelka
F,Fanni
M,Ferenc
F,Gabriella
M,Gergely
M,Gergő
F,Gizella
F,Gréta
M,Gusztáv
M,Gyula
F,Gyöngyi
M,György
F,Györgyi
M,Győző
M,Gábor
M,Géza
F,Hajnalka
F,Hanna
F,Henrietta
M,Henrik
M,Hunor
F,Ibolya
F,Ildikó
F,Ilona
M,Imre
F,Irma
F,Irén
M,István
M,Iván
M,Jenő
F,Jolán
F,Judit
F,Julianna
M,János
F,Jázmin
M,József
F,Júlia
F,Katalin
M,Kevin
F,Kinga
F,Kitti
F,Klaudia
F,Klára
M,Kornél
M,Kristóf
F,Krisztina
M,Krisztián
M,Krisztofer
M,Kálmán
M,Károly
M,Lajos
F,Laura
M,Levente
F,Lili
F,Lilla
F,Luca
M,László
F,Magdolna
M,Marcell
F,Margit
F,Mariann
F,Marianna
M,Martin
F,Melinda
M,Mihály
M,Miklós
M,Milán
F,Mária
M,Márk
F,Márta
M,Márton
M,Mátyás
M,Máté
F,Mónika
F,Nikolett
F,Nikoletta
M,Noel
M,Norbert
F,Noémi
M,Nándor
F,Nóra
M,Olivér
F,Orsolya
M,Ottó
M,Patrik
F,Petra
F,Piroska
M,Pál
M,Péter
F,Rebeka
F,Renáta
M,Richárd
F,Rita
M,Roland
F,Rozália
M,Rudolf
F,Réka
M,Róbert
F,Róza
F,Rózsa
M,Szabolcs
M,Szilveszter
F,Szilvia
M,Szilárd
M,Sándor
F,Sára
M,Tamás
F,Teréz
F,Terézia
M,Tibor
M,Tivadar
F,Tímea
F,Tünde
F,Valéria
F,Veronika
M,Viktor
F,Viktória
M,Vilmos
M,Vince
F,Virág
F,Vivien
M,Zalán
F,Zita
M,Zoltán
F,Zsanett
M,Zsigmond
M,Zsolt
M,Zsombor
F,Zsuzsanna
F,Zsófia
M,Ábel
M,Ádám
F,Ágnes
M,Ákos
M,Áron
M,Árpád
F,Éva
