M,Abyasa
M,Ade
M,Adhiarja
M,Adiarja
M,Adika
M,Adikara
M,Adinata
M,Aditya
F,Agnes
M,Agus
F,Aisyah
F,Ajeng
M,Ajiman
M,Ajimat
M,Ajimin
M,Ajiono
M,Akarsana
M,Alambana
F,Alika
F,Almira
F,Amalia
F,Amelia
F,Ami
M,Among
F,Ana
F,Anastasia
M,Anggabaya
F,Ani
F,Anita
M,Anom
M,Argono
M,Aris
M,Arsipatra
M,Arta
M,Artanto
M,Artawan
M,Asirwada
M,Asirwanda
M,Aslijan
M,Asmadi
M,Asman
M,Asmianto
M,Asmuni
M,Aswani
M,Atma
M,Atmaja
F,Aurora
F,Ayu
F,Azalea
M,Bagas
M,Bagiya
M,Bagus
M,Bagya
M,Bahuraksa
M,Bahuwarna
M,Bahuwirya
M,Bajragin
M,Bakda
M,Bakiadi
M,Bakianto
M,Bakidin
M,Bakijan
M,Bakiman
M,Bakiono
M,Bakti
M,Baktiadi
M,Baktianto
M,Baktiono
M,Bala
M,Balamantri
M,Balangga
M,Balapati
M,Balidin
M,Balijan
M,Bambang
M,Banara
M,Banawa
M,Banawi
M,Bancar
F,Belinda
F,Bella
F,Betania
M,Budi
M,Cagak
M,Cager
M,Cahya
M,Cahyadi
M,Cahyanto
M,Cahyo
M,Cahyono
M,Caket
M,Cakrabirawa
M,Cakrabuana
M,Cakrajiya
M,Cakrawala
M,Cakrawangsa
F,Calista
M,Candra
M,Candrakanta
M,Capa
M,Caraka
F,Carla
M,Carub
M,Catur
M,Caturangga
M,Cawisadi
M,Cawisono
M,Cawuk
M,Cayadi
M,Cecep
M,Cemani
M,Cemeti
M,Cemplunk
M,Cengkal
M,Cengkir
M,Chandra
F,Chelsea
F,Ciaobella
F,Cici
F,Cindy
F,Cinta
F,Cinthia
F,Citra
F,Clara
F,Cornelia
M,Dacin
M,Dadap
M,Dadi
M,Dagel
F,Dalima
M,Daliman
M,Dalimin
M,Daliono
M,Damar
M,Damu
M,Danang
M,Daniswara
M,Danu
M,Danuja
M,Dariati
M,Darijan
M,Darimin
M,Darmaji
M,Darman
M,Darmana
M,Darmanto
M,Darsirah
M,Dartono
M,Daru
M,Daruna
M,Daryani
M,Dasa
F,Devi
F,Dewi
F,Diah
F,Dian
F,Diana
M,Digdaya
M,Dimas
M,Dimaz
F,Dina
F,Dinda
M,Dipa
M,Dirja
M,Dodo
M,Dono
M,Drajat
M,Dwi
M,Edi
M,Edison
M,Edward
M,Ega
M,Eja
M,Eka
M,Eko
F,Eli
F,Elisa
F,Ella
F,Ellis
F,Elma
M,Elon
M,Eluh
M,Elvin
F,Elvina
M,Eman
M,Emas
M,Embuh
M,Emil
M,Emin
M,Emong
M,Empluk
F,Endah
M,Endra
M,Enteng
M,Erik
M,Estiawan
M,Estiono
F,Eva
F,Faizah
F,Farah
F,Farhunnisa
F,Fathonah
F,Febi
F,Fitria
F,Fitriani
F,Gabriella
M,Gada
M,Gadang
M,Gading
M,Gaduh
M,Gaiman
M,Galak
M,Galang
M,Galar
M,Galih
M,Galiono
M,Galuh
M,Galur
M,Gaman
M,Gamani
M,Gamanto
M,Gambira
M,Gamblang
M,Ganda
M,Gandewa
M,Gandi
M,Ganep
M,Gangsa
M,Gangsar
M,Ganjaran
M,Gantar
M,Gara
M,Garan
M,Garang
M,Garda
F,Gasti
M,Gatot
M,Gatra
F,Gawati
F,Genta
F,Ghaliyati
M,Ghani
M,Gilang
F,Gilda
F,Gina
M,Hadi
F,Hafshah
M,Hairyanto
M,Halim
F,Halima
F,Hamima
M,Hamzah
F,Hana
F,Hani
M,Hardana
M,Hardi
M,Hari
M,Harimurti
M,Harja
M,Harjasa
M,Harjaya
M,Harjo
M,Harsana
M,Harsanto
M,Harsaya
M,Hartaka
M,Hartana
M,Harto
M,Hasan
M,Hasim
F,Hasna
M,Hasta
M,Hendra
M,Hendri
M,Heru
M,Heryanto
F,Hesti
F,Hilda
M,Himawan
F,Humaira
M,Ian
M,Ibrahim
M,Ibrani
M,Ibun
F,Icha
F,Ida
F,Ifa
M,Ihsan
F,Ika
M,Ikhsan
M,Ikin
F,Ilsa
M,Ilyas
M,Imam
F,Ina
F,Indah
M,Indra
F,Intan
F,Ira
M,Irfan
F,Iriana
F,Irma
M,Irnanto
M,Irsad
M,Irwan
M,Ismail
M,Ivan
M,Jabal
M,Jaeman
M,Jaga
M,Jagapati
M,Jagaraga
M,Jail
M,Jaiman
M,Jais
M,Jaka
M,Jamal
F,Jamalia
M,Jamil
F,Jane
F,Janet
M,Jarwa
M,Jarwadi
M,Jarwi
M,Jasmani
F,Jasmin
M,Jaswadi
M,Jati
M,Jatmiko
M,Jaya
M,Jayadi
M,Jayeng
M,Jefri
F,Jelita
F,Jessica
M,Jinawi
M,Jindra
M,Johan
M,Joko
M,Jono
F,Juli
F,Julia
M,Jumadi
M,Jumari
M,Kacung
M,Kadir
M,Kairav
M,Kajen
M,Kala
M,Kalim
M,Kamal
F,Kamaria
M,Kambali
M,Kamidin
F,Kamila
M,Kanda
F,Kani
F,Kania
M,Kardi
F,Karen
F,Karimah
M,Kariman
M,Karja
M,Karma
M,Karman
M,Karna
M,Karsa
M,Karsana
M,Karta
F,Kartika
M,Karya
M,Kasim
M,Kasiran
F,Kasiyah
M,Kasusra
M,Kawaca
M,Kawaya
F,Kayla
M,Kayun
F,Keisha
M,Kemal
M,Kemba
M,Kenari
M,Kenes
M,Kenzie
F,Kezia
F,Kiandra
M,Koko
M,Kuncara
M,Kunthara
M,Kurnia
M,Kusuma
M,Labuh
F,Laila
M,Laksana
F,Lala
F,Lalita
M,Lamar
M,Lanang
M,Langgeng
M,Lanjar
M,Lantar
F,Laras
M,Lasmanto
M,Lasmono
M,Laswi
M,Latif
F,Latika
M,Lega
M,Legawa
M,Lembah
M,Leo
F,Lidya
F,Lili
M,Liman
M,Limar
F,Lintang
M,Luhung
M,Luis
M,Lukita
M,Lukman
M,Luluh
M,Lulut
M,Lurhur
M,Lutfan
M,Luthfi
M,Luwar
M,Luwes
M,Mahdi
M,Mahesa
M,Mahfud
M,Mahmud
F,Maida
F,Maimunah
M,Makara
M,Makuta
F,Mala
M,Malik
F,Malika
M,Maman
M,Manah
M,Maras
M,Margana
F,Maria
M,Mariadi
M,Marsito
M,Marsudi
M,Martaka
M,Martana
M,Martani
M,Marwata
M,Maryadi
M,Maryanto
F,Maya
F,Melinda
F,Michelle
F,Mila
M,Mitra
M,Muhammad
M,Mujur
M,Mulya
M,Mulyanto
M,Mulyono
M,Mumpuni
M,Muni
M,Mursinin
M,Mursita
M,Murti
M,Mustika
M,Mustofa
F,Mutia
F,Nabila
F,Nadia
F,Nadine
M,Najam
M,Najib
F,Najwa
M,Nalar
M,Naradi
M,Nardi
M,Narji
M,Nasab
M,Nasim
M,Nasrullah
F,Natalia
F,Nilam
M,Niyaga
F,Nova
F,Novi
M,Nrima
M,Nugraha
F,Nurul
M,Nyana
M,Nyoman
M,Okta
M,Okto
M,Olga
F,Oliva
F,Olivia
M,Oman
M,Omar
F,Oni
M,Opan
F,Ophelia
M,Opung
M,Oskar
M,Ozy
F,Padma
F,Padmi
M,Paiman
M,Panca
M,Pandu
M,Pangeran
M,Pangestu
M,Panji
F,Paramita
M,Pardi
F,Paris
M,Parman
F,Patricia
F,Paulin
M,Perkasa
F,Pia
M,Praba
M,Prabawa
M,Prabowo
M,Prabu
M,Prakosa
M,Pranata
M,Pranawa
M,Prasetya
M,Prasetyo
M,Prayitna
M,Prayoga
M,Prayogo
M,Prima
F,Puji
F,Puput
M,Purwa
M,Purwadi
M,Purwanto
F,Puspa
F,Puti
F,Putri
M,Putu
F,Qori
F,Queen
F,Rachel
M,Raden
M,Radika
M,Radit
M,Raditya
M,Rafi
M,Rafid
M,Raharja
F,Rahayu
M,Rahman
M,Rahmat
F,Rahmi
M,Raihan
F,Raina
F,Raisa
M,Rama
M,Rangga
F,Ratih
F,Ratna
M,Reksa
M,Rendy
M,Respati
F,Restu
M,Reza
M,Ridwan
F,Rika
F,Rina
F,Rini
M,Rizki
M,Rosman
M,Rudi
M,Rusman
M,Saadat
M,Sabar
M,Sabri
F,Sabrina
F,Sadina
F,Safina
M,Saiful
M,Saka
M,Sakti
F,Sakura
F,Salimah
M,Salman
F,Salsabila
F,Salwa
F,Samiah
M,Samsul
F,Sarah
F,Sari
M,Satya
F,Septi
M,Setya
F,Shakila
F,Shania
M,Sidiq
F,Silvia
M,Simon
F,Siska
F,Siti
M,Slamet
M,Soleh
F,Suci
M,Surya
F,Syahrini
F,Talia
F,Tami
F,Tania
F,Tantri
F,Tari
M,Tasdik
M,Tasnim
M,Taswir
M,Taufan
M,Taufik
M,Teddy
M,Tedi
M,Teguh
F,Tiara
M,Timbul
F,Tina
F,Tira
M,Tirta
M,Tirtayasa
F,Titi
F,Titin
M,Tomi
M,Tri
M,Tugiman
F,Uchita
M,Uda
F,Uli
F,Ulva
F,Ulya
M,Umar
M,Umay
M,Umaya
F,Umi
M,Unggul
F,Unjani
M,Upik
M,Usman
F,Usyi
M,Utama
F,Vanesa
F,Vanya
M,Vega
F,Vera
M,Vero
F,Vicky
F,Victoria
M,Viktor
M,Viman
M,Vino
M,Vinsen
F,Violet
M,Virman
F,Vivi
M,Wadi
M,Wage
M,Wahyu
M,Wakiman
M,Waluyo
F,Wani
M,Wardaya
M,Wardi
M,Warji
M,Warsa
M,Warsita
M,Warta
M,Wasis
M,Wawan
F,Widya
F,Winda
M,Wira
F,Wirda
M,Wisnu
F,Wulan
M,Xanana
M,Yahya
F,Yance
F,Yani
F,Yessi
M,Yoga
M,Yono
M,Yosef
F,Yulia
F,Yuliana
F,Yuni
F,Yunita
M,Yusuf
F,Zaenab
F,Zahra
F,Zalindra
F,Zamira
F,Zelaya
F,Zelda
F,Zizi
F,Zulaikha
F,Zulfa
