M;건우
M;경수
F;경숙
F;경자
F;경희
M;광수
M;도윤
M;도현
M;동현
F;명숙
F;명자
F;미경
F;미숙
F;미영
F;미정
F;민서
M;민석
M;민수
M;민재
M;민준
F;민지
M;병철
F;보람
M;상철
M;상현
M;상호
M;상훈
F;서연
F;서영
F;서윤
M;서준
F;서현
F;선영
M;성민
M;성수
M;성진
M;성현
M;성호
M;성훈
F;수민
F;수빈
F;수진
F;숙자
F;순옥
F;순자
M;승민
M;승현
M;시우
F;아름
M;영길
F;영미
M;영수
F;영숙
F;영순
M;영식
M;영일
F;영자
M;영진
M;영철
M;영호
M;영환
F;영희
F;예원
F;예은
M;예준
F;예지
F;예진
F;옥순
F;옥자
M;우진
F;유진
F;윤서
F;은경
F;은서
F;은영
F;은정
F;은주
F;은지
M;재현
M;재호
M;정남
M;정수
F;정숙
F;정순
M;정식
M;정웅
F;정자
M;정호
M;정훈
F;정희
M;종수
M;주원
M;준서
M;준영
M;준혁
M;준호
M;중수
F;지민
F;지아
F;지연
F;지영
F;지우
F;지원
F;지은
F;지현
F;지혜
M;지후
M;지훈
M;진우
M;진호
F;채원
F;춘자
F;하윤
F;하은
F;현숙
M;현우
F;현정
F;현주
M;현준
F;현지
F;혜진
