M;Adomas
M;Adrija
M;Agnė
M;Aistis
M;Aivaras
M;Aleksandras
M;Algirdas
M;Amelija
M;Ana
M;Andrius
M;Antanas
M;Ariana
M;Arielė
M;Arijus
M;Armandas
M;Arminas
M;Arnas
M;Arnoldas
M;Aronas
M;Artūras
M;Arvydas
M;Arūnas
M;Audrius
M;Augustas
M;Aurelija
M;Aurimas
M;Aurėja
M;Aušra
M;Aušrinė
M;Benas
M;Brigita
M;Dainius
M;Danielius
M;Darija
M;Darius
M;Deividas
M;Diana
M;Domantas
M;Domas
M;Dominyka
M;Dominykas
M;Donatas
M;Dovilė
M;Dovydas
M;Edgaras
M;Edita
M;Edvardas
M;Edvinas
M;Egidijus
M;Eglė
M;Eidvilė
M;Eimantas
M;Elena
M;Eleonora
M;Ema
M;Emilis
M;Enrika
M;Erika
M;Erikas
M;Ernestas
M;Evaldas
M;Evelina
M;Faustas
M;Gabrielius
M;Gediminas
M;Gerda
M;Giedrius
M;Giedrė
M;Gintarė
M;Goda
M;Greta
M;Gustas
M;Gytis
M;Gytė
M;Ieva
M;Ignas
M;Ignė
M;Indrė
M;Ineta
M;Ingrida
M;Irma
M;Irmantas
M;Iveta
M;Izabelė
M;Jokūbas
M;Jolanta
M;Jonas
M;Joris
M;Jorūnė
M;Jovita
M;Julius
M;Juozas
M;Jurgita
M;Justas
M;Justina
M;Justinas
M;Kajus
M;Karina
M;Karolina
M;Karolis
M;Kipras
M;Kornelija
M;Kotryna
M;Kristina
M;Kristupas
M;Kęstutis
M;Laura
M;Laurita
M;Laurynas
M;Leila
M;Leticija
M;Liepa
M;Ligita
M;Linas
M;Lukas
M;Lėja
M;Mantas
M;Mantė
M;Marija
M;Marius
M;Markas
M;Martynas
M;Matas
M;Meda
M;Medėja
M;Miglė
M;Milana
M;Milda
M;Mindaugas
M;Monika
M;Naglis
M;Nedas
M;Nerijus
M;Neringa
M;Nojus
M;Olivija
M;Orestas
M;Paulina
M;Paulius
M;Perla
M;Petras
M;Pijus
M;Povilas
M;Radvilė
M;Raminta
M;Ramunė
M;Ramūnas
M;Rasa
M;Reda
M;Rimantė
M;Rita
M;Ričardas
M;Robertas
M;Rojus
M;Rokas
M;Rolandas
M;Romualdas
M;Rugilė
M;Rusnė
M;Rytis
M;Rytė
M;Rūta
M;Sandra
M;Saulius
M;Sigita
M;Simas
M;Simona
M;Simonas
M;Smiltė
M;Sonata
M;Svetlana
M;Tadas
M;Tajus
M;Tautvydas
M;Titas
M;Tomas
M;Ugnė
M;Vaida
M;Vaidas
M;Vakarė
M;Vakris
M;Vanesa
M;Vasarė
M;Vigilija
M;Viktorija
M;Vilius
M;Viltė
M;Vitalija
M;Vytautas
M;Vytė
M;Vėjūnė
M;Ąžuolas
M;Šarūnas
M;Žemyna
M;Živilė
M;Žygimantas
