M,Aaron
F,Abigail
M,Adam
M,Adrian
F,Adriana
F,Adrienne
F,Aimee
M,Alan
M,Albert
M,Alec
F,Alejandra
M,Alejandro
M,Alex
F,Alexa
M,Alexander
F,Alexandra
F,Alexandria
F,Alexis
M,Alfred
F,Alice
F,Alicia
F,Alisha
F,Alison
M,Allen
F,Allison
M,Alvin
F,Alyssa
F,Amanda
F,Amber
F,Amy
F,Ana
M,Andre
F,Andrea
M,Andres
M,Andrew
M,Angel
F,Angela
F,Angelica
F,Anita
F,Ann
F,Anna
F,Anne
F,Annette
M,Anthony
M,Antonio
F,April
F,Ariana
F,Ariel
M,Arthur
F,Ashlee
F,Ashley
F,Audrey
M,Austin
F,Autumn
F,Bailey
F,Barbara
M,Barry
F,Becky
F,Belinda
M,Benjamin
F,Beth
F,Bethany
F,Betty
F,Beverly
F,Bianca
M,Bill
M,Billy
M,Blake
M,Bob
M,Bobby
F,Bonnie
M,Brad
M,Bradley
M,Brady
F,Brandi
M,Brandon
F,Brandy
F,Breanna
F,Brenda
M,Brendan
M,Brent
M,Brett
M,Brian
F,Briana
F,Brianna
F,Bridget
F,Brittany
F,Brittney
F,Brooke
M,Bruce
M,Bryan
M,Bryce
F,Caitlin
F,Caitlyn
M,Caleb
M,Calvin
M,Cameron
F,Candace
F,Candice
M,Carl
F,Carla
M,Carlos
F,Carly
F,Carmen
F,Carol
F,Caroline
F,Carolyn
F,Carrie
M,Casey
F,Cassandra
F,Cassidy
F,Cassie
F,Catherine
F,Cathy
M,Cesar
M,Chad
F,Charlene
M,Charles
M,Chase
F,Chelsea
F,Chelsey
F,Cheryl
F,Cheyenne
F,Chloe
M,Chris
M,Christian
F,Christie
F,Christina
F,Christine
M,Christopher
F,Christy
F,Cindy
F,Claire
M,Clarence
F,Claudia
M,Clayton
M,Clifford
M,Clinton
M,Cody
M,Cole
M,Colin
F,Colleen
M,Colton
F,Connie
M,Connor
M,Corey
M,Cory
F,Courtney
M,Craig
F,Cristina
F,Crystal
M,Curtis
F,Cynthia
F,Daisy
M,Dakota
M,Dale
M,Dalton
M,Damon
M,Dan
F,Dana
M,Daniel
F,Danielle
M,Danny
M,Darius
F,Darlene
M,Darrell
M,Darren
M,Darryl
M,Daryl
M,Dave
M,David
F,Dawn
M,Dean
F,Deanna
F,Debbie
F,Deborah
F,Debra
F,Denise
M,Dennis
M,Derek
M,Derrick
F,Desiree
F,Destiny
M,Devin
M,Devon
F,Diamond
F,Diana
F,Diane
M,Dillon
M,Dominic
F,Dominique
M,Don
M,Donald
F,Donna
F,Dorothy
M,Douglas
M,Drew
M,Duane
M,Dustin
M,Dwayne
M,Dylan
M,Earl
F,Ebony
M,Eddie
M,Edgar
M,Eduardo
M,Edward
M,Edwin
F,Eileen
F,Elaine
F,Elizabeth
F,Ellen
F,Emily
F,Emma
M,Eric
F,Erica
M,Erik
F,Erika
F,Erin
M,Ernest
M,Ethan
M,Eugene
M,Evan
F,Evelyn
F,Faith
F,Felicia
M,Fernando
F,Frances
M,Francis
M,Francisco
M,Frank
M,Franklin
M,Fred
M,Frederick
M,Gabriel
F,Gabriela
F,Gabriella
F,Gabrielle
F,Gail
M,Garrett
M,Gary
M,Gene
M,Geoffrey
M,George
M,Gerald
F,Gina
M,Glen
F,Glenda
M,Glenn
F,Gloria
F,Grace
M,Grant
M,Greg
M,Gregory
M,Guy
F,Gwendolyn
F,Hailey
F,Haley
F,Hannah
M,Harold
M,Harry
M,Hayden
F,Hayley
F,Heather
F,Heidi
F,Helen
M,Henry
M,Herbert
F,Holly
M,Howard
M,Hunter
M,Ian
M,Isaac
F,Isabel
F,Isabella
M,Isaiah
M,Ivan
M,Jack
F,Jackie
M,Jackson
F,Jaclyn
M,Jacob
F,Jacqueline
M,Jaime
M,Jake
M,James
M,Jamie
F,Jane
F,Janet
F,Janice
M,Jared
F,Jasmin
F,Jasmine
M,Jason
M,Javier
M,Jay
F,Jean
F,Jeanette
F,Jeanne
M,Jeff
M,Jeffery
M,Jeffrey
F,Jenna
F,Jennifer
F,Jenny
M,Jeremiah
M,Jeremy
M,Jermaine
M,Jerome
M,Jerry
M,Jesse
F,Jessica
M,Jesus
F,Jill
F,Jillian
M,Jim
M,Jimmy
F,Jo
F,Joan
F,Joann
F,Joanna
F,Joanne
F,Jocelyn
F,Jodi
F,Jody
M,Joe
M,Joel
M,John
M,Johnathan
M,Johnny
M,Jon
M,Jonathan
M,Jonathon
M,Jordan
M,Jorge
M,Jose
M,Joseph
M,Joshua
F,Joy
F,Joyce
M,Juan
F,Judith
F,Judy
F,Julia
F,Julie
M,Justin
F,Kaitlin
F,Kaitlyn
F,Kara
F,Karen
F,Kari
F,Karina
M,Karl
F,Karla
F,Katelyn
F,Katherine
F,Kathleen
F,Kathryn
F,Kathy
F,Katie
F,Katrina
F,Kayla
F,Kaylee
M,Keith
F,Kelli
M,Kelly
F,Kelsey
F,Kendra
M,Kenneth
M,Kerry
M,Kevin
F,Kiara
F,Kim
F,Kimberly
M,Kirk
F,Kirsten
F,Krista
F,Kristen
F,Kristi
F,Kristin
F,Kristina
F,Kristine
M,Kristopher
F,Kristy
F,Krystal
M,Kurt
M,Kyle
F,Kylie
F,Lacey
M,Lance
M,Larry
F,Laura
F,Lauren
F,Laurie
M,Lawrence
F,Leah
M,Lee
M,Leon
M,Leonard
M,Leroy
M,Leslie
M,Levi
F,Linda
F,Lindsay
F,Lindsey
F,Lisa
M,Logan
M,Lonnie
F,Loretta
F,Lori
F,Lorraine
M,Louis
M,Lucas
M,Luis
M,Luke
F,Lydia
F,Lynn
F,Mackenzie
F,Madeline
F,Madison
F,Makayla
F,Mallory
F,Mandy
M,Manuel
M,Marc
F,Marcia
M,Marco
M,Marcus
F,Margaret
F,Maria
F,Mariah
F,Marie
F,Marilyn
M,Mario
F,Marisa
F,Marissa
M,Mark
F,Martha
M,Martin
M,Marvin
F,Mary
M,Mason
M,Mathew
M,Matthew
F,Maureen
M,Maurice
M,Max
M,Maxwell
F,Mckenzie
F,Meagan
F,Megan
F,Meghan
F,Melanie
F,Melinda
F,Melissa
F,Melody
M,Melvin
F,Mercedes
F,Meredith
F,Mia
M,Michael
F,Michaela
M,Micheal
F,Michele
F,Michelle
M,Miguel
F,Mikayla
M,Mike
F,Mindy
F,Miranda
F,Misty
M,Mitchell
F,Molly
F,Monica
F,Monique
F,Morgan
F,Nancy
F,Natalie
F,Natasha
M,Nathan
M,Nathaniel
M,Nicholas
F,Nichole
M,Nicolas
F,Nicole
M,Noah
F,Norma
M,Norman
F,Olivia
M,Omar
M,Oscar
F,Paige
F,Pam
F,Pamela
M,Parker
F,Patricia
M,Patrick
M,Paul
F,Paula
M,Pedro
F,Peggy
F,Penny
M,Perry
M,Peter
M,Philip
M,Phillip
F,Phyllis
M,Preston
F,Priscilla
F,Rachael
F,Rachel
M,Ralph
M,Randall
M,Randy
F,Raven
M,Raymond
F,Rebecca
F,Regina
M,Reginald
F,Renee
F,Rhonda
M,Ricardo
M,Richard
M,Rickey
M,Ricky
F,Rita
M,Robert
F,Roberta
M,Roberto
F,Robin
F,Robyn
M,Rodney
M,Roger
M,Ronald
M,Ronnie
F,Rose
M,Roy
M,Ruben
M,Russell
F,Ruth
M,Ryan
F,Sabrina
F,Sally
F,Samantha
M,Samuel
F,Sandra
F,Sandy
F,Sara
F,Sarah
F,Savannah
M,Scott
M,Sean
M,Sergio
M,Seth
M,Shane
M,Shannon
F,Shari
F,Sharon
M,Shaun
M,Shawn
F,Shawna
F,Sheena
F,Sheila
F,Shelby
F,Shelia
F,Shelley
F,Shelly
F,Sheri
F,Sherri
F,Sherry
F,Sheryl
F,Shirley
F,Sierra
F,Sonia
F,Sonya
F,Sophia
M,Spencer
F,Stacey
F,Stacy
M,Stanley
F,Stefanie
F,Stephanie
M,Stephen
M,Steve
M,Steven
M,Stuart
F,Summer
F,Susan
F,Suzanne
F,Sydney
F,Sylvia
F,Tamara
F,Tami
F,Tammie
F,Tammy
M,Tanner
F,Tanya
F,Tara
F,Tasha
M,Taylor
F,Teresa
M,Terrance
F,Terri
M,Terry
M,Theodore
F,Theresa
M,Thomas
F,Tiffany
M,Tim
M,Timothy
F,Tina
M,Todd
M,Tom
M,Tommy
F,Toni
M,Tony
F,Tonya
F,Tracey
F,Traci
F,Tracie
M,Tracy
M,Travis
M,Trevor
F,Tricia
M,Troy
M,Tyler
M,Tyrone
F,Valerie
F,Vanessa
M,Vernon
F,Veronica
F,Vicki
F,Vickie
M,Victor
F,Victoria
M,Vincent
F,Virginia
M,Walter
F,Wanda
M,Wayne
F,Wendy
M,Wesley
F,Whitney
M,William
M,Willie
M,Wyatt
M,Xavier
F,Yolanda
F,Yvette
F,Yvonne
M,Zachary
F,Zoe
