M;Aaron
M;Abdul
M;Achiel
M;Adam
M;Adriaan
M;Adrian
F;Adriana
F;Agnes
F;Agnès
M;Ahmad
M;Ahmed
M;Ahmet
F;Aicha
M;Alain
M;Albert
M;Alex
M;Alexander
F;Alexandra
M;Alexandre
F;Alexia
M;Alexis
M;Alfons
M;Alfred
M;Ali
F;Alice
F;Alicia
F;Alina
F;Aline
F;Amber
F;Amelia
F;Amelie
F;Amina
M;Amir
F;Amira
F;Amy
F;Amélie
F;An
F;Ana
M;Anas
F;Anaïs
F;Andrea
M;Andreas
M;André
M;Andy
F;Angela
F;Angelina
F;Angèle
F;Anita
F;Anja
F;Anke
F;Ann
F;Anna
F;Anne
F;Anne-Marie
F;Anneke
F;Anneleen
F;Annelies
F;Annemie
F;Annette
F;Annick
F;Annie
F;Annita
F;Anny
F;Anouk
M;Anthony
M;Antoine
F;Antoinette
M;Anton
M;Antonio
M;Antonius
M;Antoon
F;Ariane
F;Arlette
M;Armand
M;Arnaud
M;Arne
M;Arno
M;Arnold
M;Arthur
F;Astrid
F;Audrey
M;August
F;Augusta
F;Aurélie
M;Axel
F;Axelle
F;Aya
M;Ayman
M;Ayoub
F;Ayse
F;Barbara
M;Bart
M;Bas
F;Beatrice
F;Beatrijs
M;Ben
M;Benjamin
M;Benny
M;Benoit
F;Bernadette
M;Bernard
M;Bert
F;Bertha
F;Betty
F;Bianca
F;Bieke
M;Bilal
F;Birgit
M;Bjorn
M;Björn
F;Bo
M;Bob
M;Boris
M;Brahim
M;Bram
M;Brecht
F;Brenda
M;Brent
M;Brian
M;Briek
F;Brigitta
F;Brigitte
F;Britt
M;Bruno
M;Bryan
F;Camille
F;Carina
F;Carine
M;Carl
F;Carla
M;Carlo
M;Carlos
F;Carmen
F;Carolien
F;Carolina
F;Caroline
M;Cas
M;Casper
F;Catharina
F;Catherine
F;Cathy
F;Cecile
F;Cecilia
M;Cedric
F;Celine
F;Chantal
M;Charles
F;Charlotte
F;Chiara
F;Chloé
F;Chloë
M;Chris
F;Christa
F;Christel
F;Christelle
M;Christiaan
M;Christian
F;Christiana
F;Christiane
F;Christianne
F;Christina
F;Christine
M;Christof
M;Christophe
F;Cindy
F;Claire
F;Clara
M;Claude
F;Claudia
F;Claudine
F;Colette
F;Conny
M;Constant
F;Cornelia
M;Cornelis
F;Cynthia
M;Cyriel
F;Cécile
M;Cédric
F;Céline
M;Daan
F;Daisy
M;Daniel
F;Danielle
M;Daniël
M;Danny
M;Dany
F;Daphne
M;Dario
M;Dave
M;David
M;Davy
F;Debbie
F;Debby
F;Deborah
F;Delphine
M;Denis
F;Denise
M;Dennis
F;Diana
F;Diane
M;Didier
M;Diederik
M;Diego
M;Dieter
M;Dimitri
F;Dina
M;Dirk
M;Dominique
F;Dorien
F;Dorine
M;Dries
M;Dylan
M;Eddy
M;Edgard
F;Edith
M;Edmond
M;Edouard
M;Eduard
M;Edward
M;Edwin
M;El
F;Elena
F;Eliane
M;Elias
F;Elien
F;Elif
F;Eline
F;Elisa
F;Elisabeth
F;Elise
F;Elke
F;Ella
F;Ellen
F;Ellie
F;Elly
F;Els
F;Elsa
F;Elza
M;Emiel
M;Emile
F;Emilia
F;Emilie
F;Emily
F;Emma
M;Emmanuel
M;Eric
M;Erik
F;Erika
F;Erna
M;Erwin
F;Esther
M;Etienne
F;Eva
F;Evelien
F;Eveline
F;Evelyn
F;Evelyne
F;Evi
F;Evy
M;Fabian
F;Fabienne
F;Fanny
F;Farah
F;Fatiha
F;Fatima
F;Fatma
F;Febe
M;Felix
F;Femke
M;Ferdinand
M;Fernand
M;Ferre
F;Fien
M;Filip
M;Finn
F;Fleur
F;Floor
M;Flor
F;Flore
F;Florence
M;Florent
M;Florian
M;Floris
F;Fran
F;Francine
M;Francis
M;Franciscus
M;Frank
M;Franky
M;Frans
M;François
F;Françoise
M;Freddy
M;Frederic
M;Frederick
M;Frederik
F;Freya
F;Frida
F;Frieda
M;Frédéric
M;Gabriel
F;Gabriella
F;Gabrielle
M;Gabriël
M;Gaston
F;Gaëlle
M;Geert
M;Geoffrey
M;George
M;Georges
F;Georgette
M;Gerard
F;Gerarda
M;Gerardus
F;Gerda
F;Germaine
M;Gerrit
M;Gerry
M;Gert
M;Ghislain
F;Ghislaine
M;Gianni
M;Gilbert
F;Gilberte
M;Gilles
F;Gina
F;Ginette
M;Gino
M;Giovanni
F;Gitte
M;Giuseppe
M;Glenn
F;Godelieva
F;Godelieve
F;Greet
M;Gregory
F;Greta
F;Griet
M;Guido
M;Guillaume
M;Gunter
M;Gunther
M;Gust
M;Gustaaf
M;Guy
M;Hamza
F;Hanna
F;Hannah
F;Hanne
F;Hannelore
M;Hannes
M;Hans
M;Harry
M;Hasan
M;Hassan
F;Heidi
F;Heleen
F;Helena
F;Helga
M;Hendrik
M;Henri
M;Henricus
F;Henriette
M;Herman
F;Hilda
F;Hilde
M;Hubert
M;Hugo
F;Huguette
F;Hélène
M;Ian
M;Ibrahim
F;Ida
M;Ignace
M;Igor
M;Ilias
F;Ilona
F;Ilse
M;Ilyas
F;Imane
M;Imran
F;Ine
F;Ines
F;Inge
F;Ingeborg
F;Ingrid
F;Irena
F;Iris
F;Irma
F;Irène
F;Isabel
F;Isabella
F;Isabelle
M;Ismail
M;Ivan
M;Ivo
F;Ivonne
M;Jaak
M;Jack
M;Jacob
M;Jacobus
F;Jacqueline
M;Jacques
F;Jade
M;Jamal
M;Jan
F;Jana
F;Janne
M;Jari
M;Jarne
M;Jarno
F;Jasmine
M;Jason
M;Jasper
M;Jayden
M;Jean
M;Jean-Claude
M;Jean-Marie
M;Jean-Pierre
F;Jeanine
F;Jeanne
F;Jeannette
F;Jeannine
M;Jef
M;Jeffrey
M;Jelle
F;Jennifer
F;Jenny
M;Jens
M;Jeremy
M;Jeroen
M;Jesse
F;Jessica
F;Jessie
F;Jessy
F;Jill
M;Jimmy
M;Jo
M;Joachim
F;Joanna
M;Joannes
M;Jochen
M;Joeri
M;Johan
F;Johanna
M;Johannes
M;John
M;Johnny
M;Johny
F;Joke
F;Jolien
M;Jonas
M;Jonathan
M;Joppe
M;Jordi
M;Jordy
M;Joren
M;Joris
M;Jos
M;Joseph
F;Josepha
F;Josephina
F;Josephine
M;Josephus
F;Josiane
M;Josse
M;José
F;Josée
F;Joyce
M;Jozef
M;Joël
F;Joëlle
M;Juan
F;Judith
M;Jules
F;Julia
M;Julian
F;Juliana
F;Julie
M;Julien
F;Julienne
F;Juliette
M;Jurgen
F;Justine
M;Juul
M;Jürgen
F;Kaat
M;Kamiel
M;Karel
F;Karen
M;Karim
F;Karima
F;Karin
F;Karina
F;Karine
M;Karl
F;Karolien
M;Kasper
F;Katelijne
F;Kathleen
F;Kathy
F;Katia
F;Katja
F;Katleen
F;Kato
F;Katrien
F;Katrijn
F;Katty
F;Kelly
M;Ken
M;Kenneth
M;Kenny
M;Kevin
F;Khadija
F;Kiara
M;Kim
F;Kimberley
F;Kimberly
F;Kirsten
M;Kjell
M;Klaas
M;Kobe
M;Koen
M;Koenraad
M;Kris
F;Krista
F;Kristel
M;Kristiaan
F;Kristien
F;Kristina
F;Kristine
M;Kristof
M;Kurt
F;Lana
M;Lander
F;Lara
M;Lars
F;Laura
F;Laure
F;Lauren
F;Laurence
M;Laurens
M;Laurent
F;Lea
M;Leander
F;Leen
F;Lena
M;Lenn
M;Lennert
M;Leo
M;Leon
F;Leona
M;Leonard
F;Leonie
M;Leopold
M;Levi
M;Lewis
M;Lex
M;Liam
F;Lien
F;Lies
F;Liesbet
F;Liesbeth
F;Lieselot
F;Lieve
M;Lieven
F;Lieze
F;Liliana
F;Liliane
F;Lily
F;Lina
F;Linda
F;Linde
F;Lindsay
F;Lindsey
M;Lionel
F;Lisa
F;Lise
F;Lisette
F;Liv
F;Lize
M;Lode
M;Lodewijk
F;Loes
F;Lore
M;Lorenzo
F;Lotte
M;Lou
M;Louis
F;Louisa
F;Louise
M;Lowie
M;Loïc
M;Luc
M;Luca
M;Lucas
F;Lucia
F;Lucie
M;Lucien
F;Lucienne
M;Ludo
M;Ludovic
M;Ludovicus
M;Ludwig
M;Luka
M;Lukas
F;Luna
F;Lutgarde
F;Lutgardis
F;Lutgart
F;Lydia
F;Lydie
F;Lynn
M;Léon
F;Maaike
M;Maarten
F;Madeleine
F;Magali
F;Magda
F;Magdalena
F;Malika
F;Manon
M;Manuel
M;Marc
M;Marcel
F;Marcella
M;Marco
M;Marcus
F;Margareta
F;Margaretha
F;Margaux
F;Margo
F;Margot
F;Marguerite
F;Maria
F;Mariam
F;Marianne
F;Marie
F;Marie-Christine
F;Marie-Claire
F;Marie-Jeanne
F;Marie-José
F;Marie-Louise
F;Marie-Rose
F;Marie-Thérèse
F;Marieke
F;Mariette
F;Marijke
F;Marina
M;Mario
F;Marjan
M;Mark
F;Marleen
F;Marlies
M;Marnix
F;Martha
F;Marthe
M;Martijn
M;Martin
F;Martina
F;Martine
F;Maryam
M;Mathias
M;Mathieu
F;Mathilde
M;Mathis
M;Mats
M;Matteo
M;Matthias
F;Maud
M;Maurice
M;Maurits
M;Mauro
M;Max
M;Maxim
M;Maxime
F;Maya
M;Mehdi
M;Mehmet
F;Melanie
F;Melissa
F;Merel
F;Mia
M;Michael
M;Michaël
M;Michel
F;Micheline
F;Michelle
M;Michiel
F;Michèle
F;Mieke
M;Miel
M;Miguel
M;Mike
F;Mila
M;Milan
F;Mira
F;Miranda
F;Mireille
M;Mohamad
M;Mohamed
M;Mohammad
M;Mohammed
F;Mona
F;Monica
F;Monika
F;Monique
M;Muhammed
M;Murat
M;Mustafa
M;Mustapha
F;Myriam
F;Nadia
F;Nadine
F;Nancy
M;Nand
F;Naomi
F;Natacha
F;Natalia
F;Natalie
F;Natascha
F;Natasja
F;Nathalie
M;Nathan
F;Nele
F;Nelly
M;Nick
M;Nicky
M;Nico
M;Nicolas
F;Nicole
M;Niels
F;Nina
F;Noa
M;Noah
F;Noor
F;Nora
M;Norbert
F;Nore
M;Noël
F;Odette
F;Olga
M;Oliver
F;Olivia
M;Olivier
M;Omar
M;Omer
F;Oona
M;Oscar
M;Otis
M;Owen
M;Pascal
F;Pascale
F;Patricia
M;Patrick
M;Patrik
M;Paul
F;Paula
F;Paulien
F;Pauline
M;Pedro
F;Peggy
M;Peter
F;Petra
M;Petrus
M;Philip
M;Philippe
M;Pierre
M;Piet
M;Pieter
M;Pieter-Jan
M;Piotr
M;Pol
M;Quinten
F;Rachel
M;Rachid
M;Raf
M;Rafael
M;Rafaël
F;Rani
F;Rania
M;Raoul
M;Raphaël
M;Rayan
M;Raymond
F;Rebecca
F;Regina
F;Reinhilde
M;Remi
M;René
F;Renée
F;Ria
M;Richard
M;Rik
F;Rita
M;Rob
M;Robbe
M;Robby
M;Robert
M;Robin
M;Roel
M;Roeland
M;Roger
M;Roland
M;Romain
F;Romy
M;Ronald
M;Ronny
M;Rony
F;Roos
F;Rosa
F;Rosalia
F;Rosalie
F;Rose
F;Rosette
F;Rosita
M;Ruben
M;Rudi
M;Rudolf
M;Rudy
M;Rune
F;Ruth
M;Ryan
F;Sabine
F;Sabrina
M;Said
M;Sam
M;Sami
M;Samir
F;Samira
M;Sammy
M;Samuel
M;Sander
F;Sandra
F;Sanne
F;Sara
F;Sarah
F;Saskia
M;Sebastiaan
M;Sebastian
M;Sem
M;Senne
M;Seppe
M;Serge
F;Shana
F;Sharon
M;Siebe
F;Sigrid
F;Silke
F;Silvia
M;Simon
F;Simone
F;Simonne
F;Sofia
F;Sofie
F;Sonia
F;Sonja
F;Sophia
F;Sophie
M;Stan
M;Stef
M;Stefaan
M;Stefan
F;Stefanie
F;Steffi
F;Stella
M;Stephan
F;Stephanie
M;Steve
M;Steven
F;Stien
M;Stijn
M;Stéphane
F;Stéphanie
F;Suzanna
F;Suzanne
F;Suzy
M;Sven
F;Sylvia
F;Sylvie
M;Sébastien
F;Tamara
F;Tania
F;Tanja
F;Tatiana
F;Tess
F;Tessa
M;Theo
M;Theodoor
F;Theresia
M;Thibault
M;Thibaut
M;Thibo
M;Thierry
M;Thijs
M;Thomas
M;Thor
M;Tibe
M;Tibo
M;Tijl
M;Tijs
M;Tim
M;Timo
M;Timothy
F;Tina
F;Tine
F;Tineke
F;Tinne
M;Tobias
M;Tom
M;Tomas
M;Tommy
M;Tony
M;Toon
M;Tristan
M;Tuur
M;Urbain
F;Valentina
F;Valerie
M;Valère
F;Valérie
F;Vanessa
F;Veerle
F;Vera
F;Veronique
M;Vic
F;Vicky
M;Victor
F;Victoria
M;Viktor
M;Vince
M;Vincent
F;Virginie
F;Viviane
F;Véronique
M;Walter
M;Wannes
M;Ward
M;Warre
F;Wendy
M;Werner
M;Wesley
M;Wilfried
M;Wilhelmus
M;Willem
M;William
M;Willy
M;Wim
M;Wout
M;Wouter
M;Xander
M;Xavier
F;Yana
M;Yannick
F;Yara
F;Yasmina
F;Yasmine
M;Yassin
M;Yassine
F;Yolanda
F;Yolande
M;Younes
M;Youssef
M;Yusuf
M;Yvan
M;Yves
F;Yvette
F;Yvonne
F;Zeynep
F;Zita
F;Zoë
M;Ömer
