F,Aaliyah
M,Aaron
M,Abel
M,Adam
F,Adriana
M,Aiden
F,Aimée
M,Alex
M,Alexander
M,Ali
F,Alicia
F,Alyssa
F,Amber
F,Amelia
M,Amin
F,Amina
M,Amir
F,Amira
F,Amy
F,Amélie
F,Angelina
F,Anna
F,Annabel
F,Anne
F,Annemijn
F,Anouk
M,Arie
M,Aron
M,Arthur
F,Ashley
F,Aya
M,Ayden
F,Aylin
M,Ayoub
F,Azra
M,Bart
M,Bas
M,Bastiaan
M,Beau
M,Ben
M,Benjamin
F,Bente
F,Benthe
M,Berat
M,Berend
F,Bibi
M,Bilal
M,Bjorn
F,Bo
M,Boaz
M,Boris
M,Bradley
M,Bram
M,Brent
M,Brian
F,Britt
M,Bryan
F,Carlijn
M,Cas
M,Casper
F,Catharina
F,Cato
F,Ceylin
F,Charlotte
F,Chloé
F,Chloë
M,Chris
M,Colin
M,Collin
F,Cornelia
M,Cornelis
M,Daan
M,Damian
F,Dana
M,Dani
M,Daniel
F,Danique
M,Daniël
F,Daphne
M,Dave
M,David
M,Dean
F,Demi
F,Dewi
M,Dex
F,Dina
M,Dion
M,Dirk
M,Duuk
M,Dylan
M,Dylano
F,Ecrin
F,Elena
M,Elias
F,Elif
F,Elin
F,Eline
F,Elisa
F,Elisabeth
F,Elise
F,Eliza
F,Elizabeth
F,Elize
F,Ella
F,Emily
M,Emir
F,Emma
F,Esila
F,Esmee
F,Esmée
F,Esther
F,Eva
F,Evelien
F,Evi
F,Evie
F,Evy
M,Faas
M,Fabian
F,Fabiënne
F,Fatima
F,Fay
F,Faye
M,Fedde
F,Feline
M,Felix
F,Fem
F,Femke
F,Fenna
F,Fenne
F,Fien
F,Fiene
M,Finn
F,Fleur
F,Floor
F,Floortje
M,Florian
M,Floris
F,Frederique
F,Féline
M,Gerrit
M,Giel
M,Gijs
M,Giovanni
M,Guus
F,Guusje
F,Hailey
M,Hamza
F,Hanna
F,Hannah
F,Helena
M,Hendrik
M,Hidde
M,Hugo
M,Ian
M,Ibrahim
F,Ilse
F,Imke
M,Imran
F,Inaya
F,Indy
F,Iris
F,Isa
F,Isabel
F,Isabella
F,Isabelle
F,Ise
F,Isis
M,Ivan
F,Ivy
F,Ize
M,Jack
M,Jacob
F,Jade
M,Jake
M,James
M,Jamie
M,Jan
F,Janna
F,Janne
M,Jari
F,Jasmijn
M,Jason
M,Jasper
M,Jay
F,Jayda
M,Jayden
F,Jaylinn
M,Jayson
M,Jelle
M,Jelte
F,Jenna
F,Jennifer
M,Jens
F,Jente
M,Jesper
M,Jesse
F,Jet
F,Jill
M,Jim
F,Jinthe
M,Jip
M,Job
M,Joep
M,Joey
F,Johanna
M,Johannes
F,Jolie
F,Jolijn
M,Jonas
M,Jonathan
M,Joost
M,Jordy
M,Joris
M,Jorn
M,Jort
F,Josephine
M,Joshua
F,Joy
M,Joël
F,Joëlle
M,Jules
F,Julia
M,Julian
F,Julie
F,Juliette
M,Julius
M,Jurre
M,Justin
F,Juul
M,Kai
F,Karlijn
F,Kate
M,Kay
F,Kaylee
F,Kayleigh
M,Keano
M,Kevin
M,Kian
M,Kick
F,Kiki
F,Kim
M,Koen
M,Kyan
M,Kyano
F,Kyara
F,Kyra
F,Lana
F,Lara
M,Lars
F,Laura
F,Lauren
M,Laurens
F,Leah
F,Lena
M,Lenn
M,Leon
M,Levi
M,Lex
M,Liam
F,Lieke
F,Lieve
F,Lily
F,Lina
F,Linde
F,Lindsey
F,Linn
F,Lisa
F,Lisanne
F,Lise
F,Liv
F,Livia
F,Liz
F,Liza
F,Lize
F,Lizz
F,Lizzy
M,Loek
F,Loes
F,Lois
F,Lola
M,Lorenzo
F,Lot
F,Lotte
F,Louise
F,Loïs
M,Luc
M,Luca
M,Lucas
F,Lucy
M,Luka
M,Lukas
M,Luke
F,Luna
M,Luuk
F,Lynn
F,Maaike
M,Maarten
F,Maartje
F,Madelief
M,Mads
F,Maja
F,Mara
F,Mare
F,Maria
M,Marijn
M,Marinus
F,Marit
M,Mark
M,Mart
F,Maryam
M,Mason
M,Mathijs
M,Mats
M,Matthias
M,Matthijs
F,Maud
M,Maurits
M,Max
M,Maxim
F,Maya
M,Mees
F,Megan
M,Mehmet
F,Meike
F,Melissa
M,Melle
F,Merel
M,Merijn
F,Merle
F,Mette
F,Mia
M,Micha
M,Michael
F,Michelle
M,Mick
M,Mika
M,Mike
F,Mila
M,Milan
M,Milo
F,Milou
F,Mirte
F,Mirthe
M,Mohamed
M,Mohammed
M,Morris
M,Muhammed
M,Mustafa
F,Myrthe
F,Nadia
F,Nadine
F,Naomi
M,Nathan
M,Naud
M,Nick
M,Niek
M,Niels
F,Nienke
F,Nikki
F,Nina
F,Ninthe
F,Nisa
F,Noa
M,Noah
F,Noor
F,Noortje
F,Nora
F,Norah
M,Noud
M,Nout
F,Nova
F,Noëlle
F,Nynke
M,Olaf
F,Olivia
M,Olivier
M,Oscar
M,Owen
M,Pepijn
F,Phileine
M,Philip
F,Pien
M,Pieter
M,Pim
F,Pippa
F,Pleun
F,Puck
F,Puk
M,Quinn
M,Quinten
F,Quinty
M,Raf
M,Rafael
M,Ravi
M,Rayan
M,Rens
F,Renske
M,Rick
M,Rik
M,Riley
M,Roan
M,Robin
F,Romy
F,Roos
F,Rosa
F,Rosalie
M,Rowan
M,Ruben
M,Ryan
F,Saar
M,Sam
M,Sami
M,Samuel
M,Sander
F,Sanne
F,Sara
F,Sarah
M,Sebastiaan
F,Selena
F,Selina
M,Sem
M,Senn
M,Senna
M,Sep
M,Sepp
M,Seth
M,Siem
F,Sienna
M,Sil
F,Silke
M,Simon
M,Sjoerd
F,Sofia
F,Sofie
F,Sophia
F,Sophie
M,Stan
M,Stef
M,Stefan
F,Stella
M,Sten
F,Sterre
M,Stijn
F,Suus
F,Suze
M,Sven
F,Sylvie
F,Tara
F,Tess
F,Tessa
M,Teun
M,Thijmen
M,Thijn
M,Thijs
M,Thom
M,Thomas
M,Ties
M,Tijmen
M,Tijn
M,Tijs
M,Tim
M,Timo
F,Tirza
M,Tobias
M,Tom
M,Tristan
M,Twan
M,Tycho
M,Tygo
M,Tyler
F,Vajèn
M,Valentijn
F,Valerie
F,Veerle
F,Vera
M,Victor
F,Victoria
M,Vigo
M,Vince
M,Vincent
M,Wesley
M,Wessel
M,Willem
M,Wout
M,Wouter
M,Xavi
F,Yara
F,Yasmin
F,Yasmine
M,Yassin
F,Yfke
F,Yinthe
M,Youssef
M,Yusuf
M,Zakaria
F,Zara
F,Zeynep
F,Zoey
F,Zoë
