M;Abdiş
M;Abdulbekir
M;Abdulgazi
M;Abdulkadir
M;Abdulmenaf
M;Abdulsemet
M;Abdurrahman
M;Abdülahat
M;Abdülcemal
M;Abdülhadi
M;Abdülkerim
M;Abdülsamed
M;Abdürreşit
M;Abid
F;Abiye
M;Abuzar
M;Acar
F;Acarkan
M;Aclan
M;Adak
F;Adal
M;Adasal
F;Adila
M;Adlan
F;Adviye
M;Adıgün
M;Afer
F;Afife
M;Ahat
M;Ahsen
F;Ahter
M;Akalan
M;Akar
M;Akatay
F;Akay
M;Akbaş
M;Akboğa
M;Akcivan
M;Akdora
M;Akdurmuş
M;Akgöl
F;Akgüneş
M;Akif
F;Akise
M;Akkerman
M;Akmaner
F;Akmaral
M;Aksay
F;Aksoy
M;Aksöğüt
M;Aktemür
M;Akver
F;Akyıldız
M;Akçabay
M;Akçasu
M;Aköz
M;Akınal
M;Alaaddin
F;Alabezek
M;Alaeddin
M;Alanalp
M;Alattin
F;Alaz
M;Alcan
M;Alexandru
F;Algış
M;Aliabbas
M;Aliihsan
M;Aliseydi
F;Alize
M;Alkor
F;Almast
M;Almus
M;Alparslan
M;Alpcan
M;Alpin
M;Alpsü
M;Alsoy
M;Altoğan
M;Altuğ
F;Altınbike
M;Altınkaya
F;Altınçiçek
M;Altınışın
F;Alışık
M;Amaç
F;Amre
F;Anargül
M;Andiç
F;Anka
M;Annak
M;Apaydın
F;Aral
M;Aran
M;Arcan
M;Argu
M;Arifcan
M;Arkut
F;Armahan
M;Arpağ
M;Artan
M;Aru
F;Arziye
M;Arıel
M;Arıkol
F;Arıpınar
M;Arısoy
M;Asalet
F;Asiman
M;Aslanhan
F;Asliye
F;Asu
M;Asım
M;Atagün
M;Atalay
F;Atanur
M;Atasagun
M;Atatöre
M;Atgun
M;Atilhan
F;Atiyye
M;Atnan
M;Atılgan
F;Avunç
M;Avşin
F;Ayasun
M;Ayaydın
F;Aybet
M;Aybora
F;Aycagül
F;Aydar
M;Aydinç
F;Ayduru
M;Aydınbey
M;Aygutalp
F;Aygönenç
F;Ayhan
F;Aykut
M;Aykutalp
F;Aylil
F;Aynilhayat
F;Aynımah
M;Aypar
F;Aysema
F;Aysevim
M;Aysoy
F;Aysuna
M;Aytek
F;Ayten
M;Aytuna
F;Aytöz
M;Ayvas
F;Ayyaruk
F;Ayçan
F;Ayülker
M;Ayşan
F;Ayşeana
F;Ayşenur
F;Azade
M;Azettin
F;Azize
M;Açıkel
F;Açılay
M;Ağakişi
F;Ağbegim
M;Ağmur
F;Aşhan
M;Aşir
M;Baba
F;Badegül
M;Bahaddin
M;Bahittin
F;Bahtinur
M;Baki
M;Balatekin
F;Balca
M;Bali
F;Ballı
M;Baltaş
F;Banü
M;Barak
M;Bariş
M;Barsen
M;Barışcan
F;Basriye
M;Basım
M;Baturay
M;Batırhan
M;Baydu
M;Baykan
M;Bayman
M;Bayruhan
M;Baytal
M;Bayzettin
F;Bağdat
M;Bağdaş
M;Başay
M;Başhan
M;Başok
M;Bedi
F;Bediriye
M;Bedri
F;Begim
F;Behiza
M;Behrem
M;Bekbay
M;Bektaşi
F;Belgizar
F;Belkize
M;Bellisan
F;Benek
M;Bengibay
F;Benice
M;Benol
F;Beray
M;Beren
F;Bergen
F;Beriye
M;Berkal
M;Berki
M;Berksay
M;Berran
F;Berrin
F;Besey
M;Besin
F;Beste
M;Beyda
F;Beyhatun
M;Beyler
M;Beyzade
F;Bezek
M;Bican
F;Bidayet
F;Bilay
M;Bilender
M;Bilgen
F;Bilginur
M;Bilgütay
F;Bilkay
M;Biltaş
F;Binay
M;Binbaşar
M;Binışık
F;Birben
M;Birgit
F;Birgül
F;Birsan
M;Birsen
F;Bitül
M;Bişar
M;Borahan
M;Borataş
M;Boynak
M;Bozbağ
M;Bozerk
M;Boztaş
M;Boğatimur
M;Buhari
M;Bulunç
M;Burakhan
F;Burcuhan
M;Burç
M;Buyrukhan
F;Buşra
M;Börteçin
M;Büget
M;Bünyamün
F;Büreyre
F;Büşranur
M;Cabir
M;Canal
F;Canan
M;Canberk
M;Candeniz
F;Canfeza
M;Cangür
M;Cannur
F;Canseven
M;Cansin
M;Cantez
F;Canur
M;Cavit
M;Cebesoy
F;Cedide
M;Celilay
M;Cemalettin
F;Cemiyle
M;Cenan
M;Cercis
F;Cevale
M;Cevheri
F;Ceyhun
M;Cezayir
F;Cihan
M;Cihandide
M;Cindoruk
M;Coşkun
F;Cuheyna
M;Cuman
M;Cüneyit
M;Dalan
M;Dalkılıç
F;Damlanur
M;Danış
M;Dayar
M;Dağistan
F;Deha
M;Delil
M;Demirbüken
M;Demiriz
M;Demirok
M;Demiryürek
F;Deniz
M;Denizalp
M;Denkel
M;Derkay
F;Deryanur
M;Deviner
F;Değer
M;Değmeer
M;Diken
F;Dilara
F;Dilcan
M;Dilder
F;Dilfeza
F;Dilhuş
F;Dilsitan
F;Dilşat
M;Dincer
M;Dinçkol
M;Dinçsü
M;Dirican
M;Dirlik
F;Divan
M;Dolun
M;Dorukhan
M;Doğanalp
F;Doğannur
M;Doğanşah
M;Doğuhan
F;Duha
M;Duracan
M;Durdali
F;Durgadin
M;Durmuşali
F;Dursadiye
M;Duruk
M;Duruöz
F;Duyguhan
M;Dölensoy
F;Döner
M;Dündaralp
F;Dürrüşehvar
M;Eba
M;Ebuakil
F;Ecegül
M;Ecemiş
F;Edaviye
M;Edgübay
M;Efe
F;Efil
M;Eflâtun
M;Efser
F;Egenur
M;Ekber
M;Ekmel
F;Elamiye
F;Elgin
M;Elhan
F;Elifnur
M;Elnur
F;Elvan
M;Elöve
F;Emal
M;Emin
F;Emine.
M;Emirşan
F;Emiş
M;Emrullah
M;Enes
F;Enfes
M;Enginiz
M;Ensari
M;Eral
M;Eraycan
F;Erbay
M;Erbil
M;Ercihan
M;Erdemer
M;Erdibay
M;Erdogan
M;Erdursun
F;Erem
M;Erenalp
M;Erensoy
M;Ergener
M;Erginel
M;Ergönül
F;Ergül
M;Ergün
M;Erik
M;Erinçer
F;Eriş
M;Erkan
M;Erkinel
M;Erksoy
M;Erkılıç
M;Ermutlu
M;Eroğul
M;Ersel
M;Erseç
M;Ertan
M;Erten
M;Ertuncay
M;Ertün
F;Ervaniye
M;Eryıldız
M;Eröz
M;Erşat
M;Esenbay
F;Esengün
M;Esentürk
M;Eskinalp
F;Esmanperi
F;Esna
M;Evcimen
F;Evde
F;Evrim
M;Evrimer
M;Eyyüp
F;Ezgin
M;Ezgütekin
F;Eşim
M;Eşref
F;Fadile
F;Fadıla
M;Fahrullah
F;Faize
M;Fami
F;Fatigül
M;Fatih
F;Fatinur
F;Fatmanur
F;Fayize
M;Fazul
F;Feden
M;Fehim
F;Fehmiye
M;Fenni
F;Ferahdiba
M;Ferat
F;Feraye
M;Feremez
F;Ferhan
M;Ferihan
F;Ferinaz
F;Fermuta
M;Fersan
F;Feryas
M;Ferzi
M;Fetullah
F;Feyha
M;Feyruz
F;Feyzin
M;Feza
F;Fidaye
F;Fildan
M;Filit
F;Firdevis
F;Fitnat
M;Fuzuli
F;Fügen
F;Gabel
M;Galip
F;Ganiye
M;Gazel
F;Gelengül
M;Gencaslan
M;Gençay
M;Geray
F;Gilman
M;Ginyas
M;Giz
F;Goncafer
F;Gök
M;Gökay
M;Gökbudun
M;Göken
M;Göknur
F;Gökperi
M;Göksev
M;Gökten
F;Gökçe
M;Gökçebalan
M;Gökçil
F;Göli
M;Gönen
M;Görgünay
M;Görklü
F;Görsev
M;Gözel
F;Gözem
M;Gücal
F;Gül
F;Gülay
M;Gülağa
F;Gülbani
F;Gülbeyan
F;Gülbiye
F;Gülcegün
F;Güldam
F;Gülder
F;Güldünya
M;Gülel
F;Gülenay
F;Güler
F;Gülev
M;Güleğen
F;Gülfari
F;Gülfeza
F;Gülgen
F;Gülgüzel
F;Gülhisar
F;Gülinaz
F;Gülkadın
F;Güllühan
F;Gülmisal
F;Gülnaziye
F;Gülper
F;Gülsalın
F;Gülselin
F;Gülseren
F;Gülsevil
F;Gülsiye
F;Gülsü
F;Gülter
F;Gülzadiye
F;Gülçe
F;Gülözge
F;Gülüs
F;Gülşa
M;Gülşahin
F;Gülşeref
M;Gümüştekin
F;Günar
M;Günaydin
M;Günden
M;Gündüzalp
F;Günebakan
M;Güneri
M;Güngördü
F;Güngören
M;Günkurt
F;Günsel
M;Günser
M;Günver
M;Günşen
M;Gürarda
F;Gürcüye
M;Gürelcem
M;Gürsal
F;Gürten
F;Güverçin
F;Güzey
M;Güçal
M;Güçlüer
M;Güçyeter
F;Habibe
M;Haciali
F;Hacile
F;Hadrey
F;Hafıza
M;Hakikat
F;Halenur
M;Halidun
F;Haliye
M;Haluk
M;Hami
F;Hamiyet
F;Hanbiken
M;Hanedan
F;Hanim
F;Hansultan
F;Harbinaz
M;Hariz
M;Hasbek
F;Hasgül
F;Hasret
M;Hatem
F;Hatin
F;Havali
F;Havse
M;Hayali
F;Hayel
M;Hayret
F;Hayrünnisa
F;Hazine
M;Hazrat
F;Hekime
M;Hekmet
F;Henife
F;Heva
M;Heyvetullah
F;Hezniye
M;Hidir
F;Hilayda
M;Hindal
F;Hinet
M;Hiçsönmez
F;Hoşkadem
F;Huban
M;Hudavent
M;Hunalp
F;Hurican
F;Hurşide
M;Huzuri
F;Hüda
M;Hükümdar
F;Hümeyra
M;Hürdoğan
F;Hürmet
M;Hüryaşar
F;Hürüyet
M;Hüsmen
F;Hüsnühâl
M;Hıfzullah
M;Idık
F;Ildız
M;Ilgı
F;Irıs
M;Ismık
F;Işin
M;Işıkay
M;Işıman
F;Işın
M;Jankat
F;Jaruthip
M;Kader
F;Kadınana
M;Kahir
M;Kalgay
M;Kamar
M;Kanak
F;Kandef
M;Kanpulat
M;Kapagan
M;Karabaş
M;Karaca
M;Karaer
M;Karakucak
M;Karanbay
M;Karataş
M;Karcan
F;Kardelen
M;Karlukhan
M;Kasim
F;Kaver
M;Kavurt
M;Kayagün
M;Kaygusuz
M;Kayrabay
M;Kayıt
M;Kaşif
F;Kefser
M;Kelâmi
M;Kenter
F;Kerime
M;Kerman
M;Kete
F;Kezban
M;Kibar
F;Kifaye
M;Kiramettin
F;Kitan
M;Kiyasi
M;Kocabaş
M;Koldan
F;Koncagül
M;Konguralp
M;Kopan
M;Koray
M;Korkmazalp
M;Korugan
M;Kotuz
M;Koçak
M;Koçkan
M;Koşukhan
M;Kuddusi
F;Kumral
M;Kutay
F;Kutgün
F;Kutun
M;Kâmil
F;Kâzime
M;Köker
M;Köktaş
M;Kösemen
F;Kübran
M;Kürşad
M;Kılıçbay
M;Kınel
M;Kırat
M;Kırgız
F;Kısmet
M;Kıvılcım
M;Kızıl
M;Kızıltunç
F;Laika
F;Laze
M;Ledün
F;Lerze
F;Leyli
F;Lezize
F;Limon
M;Lutfi
F;Lâle
F;Lüfen
M;Lütfi
F;Macide
M;Mahir
F;Mahnaz
M;Mahsun
F;Mahter
M;Maksur
F;Maksüde
M;Mansurali
M;Masar
F;Masume
F;Maynur
M;Mazlum
F;Maşide
F;Mecide
M;Mecit
M;Mefarettin
F;Mefharet
F;Mehdiye
M;Mehmed
M;Mehmetzahir
F;Mehrigül
F;Melaha
F;Meleknur
M;Melihcan
F;Melikkan
F;Melûl
M;Memili
F;Menfeat
M;Mengi
M;Mengüç
F;Menişan
F;Merba
M;Merdi
F;Merim
M;Mertel
F;Merva
F;Meryeme
M;Merzuk
M;Mestur
F;Mesude
M;Metinkaya
F;Meveddet
F;Mevlüdiye
M;Mevlüt
F;Meyhanim
F;Mezide
M;Meşhur
M;Mihin
F;Mihrab
F;Mihriye
M;Milay
F;Minibe
F;Miray
M;Mirbadin
M;Mishat
F;Misra
F;Miyesser
M;Monis
F;Muarra
M;Mucahit
F;Mufide
M;Muhammet
M;Muhip
F;Muhiye
M;Muhyettin
F;Mujde
F;Mukbile
M;Muktedir
M;Muratcan
M;Musafet
F;Musaffa
M;Mutasım
M;Mutluhan
M;Muvaffak
F;Muvahhide
M;Möhsim
F;Mübetcel
M;Mücellib
F;Mücevher
F;Müferrih
M;Müfit
F;Müjde
M;Mükramin
F;Mükrüme
M;Mülâyim
F;Mümtaze
F;Münezzer
M;Münif
F;Müret
M;Mürit
F;Müsemma
M;Müslum
F;Müveddet
M;Müzekker
F;Müğber
F;Müşüre
M;Nabil
F;Nades
M;Nafii
F;Nafile
F;Naide
M;Nakip
F;Nalân
F;Narhanim
M;Nas
F;Nasiba
M;Nasuf
F;Natalia
M;Nayil
F;Naz
F;Nazende
F;Nazi
F;Nazimet
F;Nazlihan
M;Nazlim
F;Nazıdil
M;Nebih
F;Nebiha
M;Necdat
F;Necilal
M;Necmettin
F;Necva
F;Nefaret
F;Nefiye
M;Nehip
F;Nejdet
F;Neptün
F;Neriban
M;Nerim
F;Nesfe
M;Nesip
F;Neslinur
F;Neval
F;Nevgin
F;Nevise
M;Nevsal
F;Nevsale
F;Neyran
F;Nezengül
M;Nezihi
F;Nezize
F;Neşrin
M;Nihai
F;Nihan
F;Nilcan
F;Nili
F;Nirgül
M;Niyazi
F;Niğmet
M;Noman
F;Nura
M;Nural
F;Nurbanu
M;Nurcan
F;Nurda
F;Nurdeniz
M;Nuretdin
F;Nurey
F;Nurgil
F;Nurhayet
F;Nuriyet
M;Nurkan
F;Nurmelek
F;Nurseda
F;Nurser
F;Nursim
F;Nurtaç
M;Nurullah
F;Nurveren
F;Nurşan
M;Nuyan
F;Nüdret
F;Nürice
M;N˜zamett˜n
M;Odkanlı
M;Oganer
F;Oguş
M;Okanay
M;Okbay
M;Okgüçlü
M;Okseven
M;Oktüremiş
M;Okyalaz
M;Olca
M;Oldağ
M;Oliver
F;Oluş
M;Omaca
M;Onat
M;Ongay
M;Onuker
M;Onurcan
M;Onursu
M;Oranlı
M;Orgün
M;Ortak
M;Oruç
F;Orçin
M;Otay
M;Oymak
M;Ozansü
M;Oğulbaş
M;Oğurata
M;Oğuzman
M;Paker
F;Paksu
F;Paye
M;Pehlil
F;Pekkan
F;Pembesin
F;Peren
F;Perinur
F;Permun
F;Pesent
M;Pirahmet
F;Piran
F;Pürçek
F;Rabbiye
M;Rabih
F;Rafia
M;Rafih
F;Rahiye
M;Rahmet
F;Rakide
M;Ramadan
F;Rana
M;Rasul
F;Rayla
M;Razı
F;Rebihat
M;Recepali
F;Refet
M;Refik
F;Rehime
M;Remazan
F;Rengül
M;Resulcan
F;Revza
F;Rezin
M;Rezzak
M;Risalet
M;Rohat
F;Rojnu
F;Ruhide
M;Ruhsat
F;Ruhugül
F;Rumeysa
M;Rüknettin
F;Rümeysa
M;Rüşen
F;Rıfkıye
M;Saba
M;Sabih
F;Sabihe
F;Sabır
M;Sadat
F;Sadeti
M;Sadittin
F;Sadiye
M;Safet
F;Safinaz
F;Safura
F;Sahil
M;Sahir
F;Saire
M;Sakip
M;Salami
F;Salimet
M;Salkın
M;Salurbay
F;Samahat
M;Sami
M;Samurtay
F;Sanavber
M;Sancak
F;Sanur
M;Sançar
M;Sargın
M;Sarpkın
F;Sarya
M;Sarıcabay
M;Satrettin
F;Satıa
M;Savak
M;Savni
M;Saydam
F;Saygın
M;Sayin
M;Sayrak
M;Sayın
F;Saçı
M;Sağcan
M;Sağıt
M;Sebattin
F;Sebigül
F;Seblâ
M;Seda
F;Sedife
F;Sefer
M;Seha
F;Sehel
F;Sejda
M;Selaheddin
M;Selatin
F;Selcen
M;Seler
F;Selime
F;Selmin
M;Selvi
M;Selâtin
F;Selçuk
F;Semat
M;Semender
F;Semine
F;Semrin
M;Sencar
F;Seniha
M;Seracettin
M;Serda
M;Serezli
F;Serfinaz
M;Serhatmehmet
F;Serma
F;Sernur
M;Serol
M;Server
F;Servinaz
F;Sevcan
M;Sevdi
F;Sevdinar
F;Sevgen
F;Sevginur
F;Sevican
F;Sevim
M;Sevindik
F;Sevla
F;Sevsevil
M;Seydo
M;Seyfullah
F;Seyhan
M;Seyithan
F;Seyyide
M;Sezal
F;Sezen
M;Sezginbaş
F;Seçgül
M;Seçme
F;Sidar
M;Sidki
F;Silanur
F;Simber
F;Simten
M;Siper
F;Sirap
F;Siti
M;Sittik
F;Solma
M;Sonad
M;Songurkan
F;Sonnur
M;Soydaner
F;Soykan
M;Soykut
M;Soyselçuk
M;Suat
F;Subutiye
M;Sudi
F;Sultane
F;Sunay
M;Sunel
M;Suphi
F;Susam
M;Sökmen
F;Söyler
M;Sözer
M;Sücaettin
M;Süha
F;Süheyda
F;Süleyla
F;Sümerya
M;Sümeyye
F;Süner
F;Süsen
M;Süvari
F;Süzer
M;Sıla
F;Sırriye
M;Sıylıhan
M;Taciddin
F;Tagangül
M;Tahir
M;Talayer
M;Tali
F;Talibe
M;Tamaydın
F;Tan
M;Tanak
M;Tanbay
M;Tandoğdu
F;Tangül
M;Tanhan
M;Tanpınar
F;Tanses
M;Tansev
M;Tansığ
M;Tanyolaç
F;Tanyu
M;Tanır
M;Tarancı
M;Tartış
F;Tasvir
M;Tatu
M;Tayaydın
M;Taygan
M;Taylak
F;Tayyibe
M;Tayyip
F;Taçnur
M;Taşar
M;Taşkan
M;Teber
M;Tekbay
M;Tekecan
M;Tekiner
F;Teknaz
M;Teksoy
M;Telim
F;Temime
M;Temirhan
M;Temizkal
M;Temuçin
M;Tenvir
F;Tercan
M;Terlan
M;Tevs
F;Teybet
M;Tezcan
M;Tezol
F;Ticen
M;Timurtaş
M;Tiğin
M;Toker
M;Toktuğ
M;Toköz
M;Tolonbay
F;Tomurcuk
M;Tonguç
M;Topuz
M;Torhan
M;Toy
M;Toğan
F;Tule
M;Tulun
M;Tunahan
M;Tunguç
M;Tunçboğa
M;Tunçkılıç
M;Turabi
F;Turcein
M;Turgut
F;Tutkucan
M;Tutkun
M;Tuyuğ
M;Tuğcan
M;Tuğrulhan
M;Tuğtaş
F;Tuğçe
M;Törel
M;Tükelalp
F;Tülin
M;Tümer
M;Tümkurt
M;Türabi
F;Türcan
M;Türkalp
M;Türkmen
F;Türknur
M;Tüzeer
F;Tüzenur
M;Tınal
M;Ufukay
M;Ulakbey
M;Ulu
M;Uludağ
M;Uluman
M;Ulutay
M;Uluğbey
F;Ummahani
M;Umman
M;Umutcan
F;Umuşan
M;Uraltay
M;Urhan
M;Us
M;Ushan
M;Utkucan
F;Uyanser
M;Uygun
M;Uzbay
M;Uzsoy
M;Uçan
M;Uçbeyi
M;Uğan
F;Uğur
M;Uğurkan
M;Uğurtan
F;Vacibe
M;Vafir
M;Vahittin
M;Vargın
F;Varlık
M;Vaysal
F;Vecide
M;Vedat
F;Vefia
M;Veis
M;Velitdin
F;Verde
M;Verim
M;Vezat
F;Vezrife
F;Vildane
M;Vâlâ
M;Yadigar
F;Yahşi
M;Yahşikan
M;Yalazabay
M;Yalgın
M;Yaltırak
M;Yalın
M;Yamin
M;Yankı
M;Yargı
M;Yasan
F;Yasemen
M;Yavuz
M;Yayak
M;Yazganalp
F;Yazgül
M;Yağın
M;Yağızkurt
F;Yaşar
M;Yaşattin
F;Yekbun
M;Yekda
M;Yelesen
M;Yeneral
F;Yepelek
M;Yertan
M;Yetişal
F;Yeşil
M;Yigit
M;Yilmaz
M;Yolal
M;Yoruç
F;Yosma
M;Yunt
M;Yurdanur
F;Yurdaser
M;Yurtgüven
F;Yurtseven
M;Yurttaş
M;Yönetmen
F;Yücel
M;Yücelen
M;Yümun
M;Yıldır
F;Yıldız
M;Yılma
F;Zahfer
M;Zahid
F;Zaliha
M;Zamir
F;Zebirce
F;Zehranur
M;Zekayi
F;Zelha
F;Zemzem
M;Zennun
F;Zerafet
F;Zeride
F;Zevlüde
M;Zeynelabidin
F;Zeyno
M;Zihni
F;Zilfa
F;Zinnure
M;Ziyaettin
M;Zoral
F;Zubeyde
F;Zöhrehan
M;Züfer
F;Züheyla
F;Zülbiye
F;Zülfüye
M;Zülgarni
F;Zümre
M;Âdem
F;Âlemşah
M;Çakar
M;Çakırca
M;Çaltı
F;Çalım
M;Çamok
M;Çapkan
M;Çavuldur
M;Çağa
M;Çağdan
F;Çağlar
M;Çağlasın
M;Çağveren
M;Çelem
M;Çelikkan
M;Çelikyürek
M;Çerçi
M;Çetinsu
M;Çeviköz
F;Çevregül
F;Çilga
M;Çinerk
F;Çisem
M;Çokan
F;Çolpan
M;Çopur
M;Çoğay
M;Çıdal
M;Çıvgın
M;Öge
M;Ökkaş
M;Öktürk
F;Ömriye
M;Ömür
M;Öncel
M;Önel
M;Öngen
F;Örfiye
M;Örik
M;Öryürek
M;Över
F;Övün
M;Özakan
M;Özalpsan
M;Özaslan
F;Özay
M;Özbay
M;Özbilek
F;Özbilge
M;Özdal
F;Özdeş
M;Özdil
M;Özdoğdu
M;Özel
M;Özerdinç
M;Özertem
F;Özge
M;Özger
F;Özgün
M;Özgür
M;Özinal
M;Özkent
M;Özkutlu
F;Özlem
M;Özlü
M;Özokçu
F;Özpetek
M;Özpınar
M;Özsözlü
M;Öztek
M;Öztürk
F;Özyurt
M;Özçam
M;Özüdoğru
M;Öğet
M;Übeydullah
F;Üge
M;Ülfet
F;Ülke
M;Ülküdeş
F;Ülküm
F;Ümmahan
M;Ümmet
F;Ümmühan
F;Ümray
F;Ünal
M;Ünek
M;Ünlen
M;Ünsever
M;Ünübol
M;Ürfettin
F;Ürper
M;Üsame
M;Üstün
M;Üzer
F;Üçgül
M;Ğanim
M;İbrahim
F;İde
M;İdiris
F;İhsan
M;İkiz
F;İklim
M;İlalmış
M;İlbek
M;İldem
F;İldeş
M;İlgi
M;İlim
F;İlkbahar
M;İlkim
F;İlklima
M;İlmafer
F;İlper
M;İlsu
M;İlteriş
M;İmam
F;İmge
M;İmren
F;İmrihan
M;İnançlı
F;İncifir
F;İnsaf
M;İntihap
F;İrfan
M;İsak
F;İslime
M;İsmet
F;İsra
M;İvecen
M;İyiyürek
F;İzel
M;İzgü
F;İçimbike
M;İşcan
M;Şabettin
F;Şadıman
M;Şafii
M;Şahat
F;Şahdiye
M;Şahinbey
F;Şahinder
M;Şahmettin
F;Şahnuray
F;Şahıgül
M;Şali
F;Şamiha
M;Şanlı
M;Şavki
F;Şayan
F;Şazime
M;Şefi
F;Şefiye
M;Şehamet
F;Şehreban
F;Şehza
M;Şekim
F;Şelâle
M;Şemsettin
F;Şemsinisa
M;Şendoğan
M;Şenkal
F;Şennur
M;Şerafeddin
F;Şeref
F;Şerman
M;Şevket
F;Şevketfeza
F;Şeyda
F;Şilan
M;Şinasi
F;Şirivan
M;Şuayp
F;Şöhret
M;Şükri
F;Şüküfe
